公司代码,公司简称,公司全称,英文名称,注册地址,A股代码,A股简称
000002,万 科Ａ,万科企业股份有限公司,"CHINA VANKE CO., LTD",广东省深圳市盐田区大梅沙环梅路33号万科中心,2,万 科Ａ
000011,深物业A,深圳市物业发展(集团)股份有限公司,"SHENZHEN PROPERTIES & RESOURCES DEVELOPMENT (GROUP)CO., LTD",广东省深圳市人民南路国贸大厦39、42层,11,深物业A
000012,南 玻Ａ,中国南玻集团股份有限公司,"CSG HOLDING CO.,LTD.",广东省深圳市蛇口工业六路一号南玻大厦,12,南 玻Ａ
000016,深康佳Ａ,康佳集团股份有限公司,"KONKA GROUP CO.,LTD",广东省深圳市南山区华侨城,16,深康佳Ａ
000017,*ST中华A,深圳中华自行车(集团)股份有限公司,"SHENZHEN CHINA BICYCLE COMPANY(HOLDINGS) CO.,LTD",广东省深圳市布心路三零零八号,17,*ST中华A
000018,中冠A,深圳中冠纺织印染股份有限公司,"SHENZHEN VICTOR ONWARD TEXTILE INDUSTRIAL CO.,LTD",广东省深圳市龙岗区葵涌镇白石岗葵鹏路26号,18,中冠A
000019,深深宝Ａ,深圳市深宝实业股份有限公司,"SHENZHEN SHENBAO INDUSTRIAL CO.,LTD",广东省深圳市福田区竹子林四路紫竹七道26号教育科技大厦塔楼20层南半层,19,深深宝Ａ
000020,深华发Ａ,深圳中恒华发股份有限公司,"SHENZHEN HUAFA ELECTRONICS CO., LTD.",广东省深圳市福田区华发北路411幢,20,深华发Ａ
000022,深赤湾Ａ,深圳赤湾港航股份有限公司,"SHENZHEN CHIWAN WHARF HOLDINGS CO.,LTD",广东省深圳市赤湾,22,深赤湾Ａ
000024,招商地产,招商局地产控股股份有限公司,"CHINA MERCHANTS PROPERTY DEVELOPMENT CO., LTD",广东省深圳南山区蛇口工业区兴华路6号南海意库3号楼,24,招商地产
000025,特 力Ａ,深圳市特力(集团)股份有限公司,"SHENZHEN TELLUS HOLDING CO.,LTD",广东省深圳市罗湖区水贝二路特力大厦三楼,25,特 力Ａ
000026,飞亚达Ａ,飞亚达（集团）股份有限公司,FIYTA HOLDINGS LTD.,广东省深圳市南山区高新南一道飞亚达科技大厦,26,飞亚达Ａ
000028,国药一致,国药集团一致药业股份有限公司,CHINA NATIONAL ACCORD MEDICINES CORPORATION LTD,广东省深圳市福田区八卦四路15号一致药业大楼,28,国药一致
000029,深深房Ａ,深圳经济特区房地产(集团)股份有限公司,"SHENZHEN SPECIAL ECONOMIC ZONE REAL ESTATE（GROUP）CO.,LTD.",广东省深圳市人民南路3005号深房广场47楼,29,深深房Ａ
000030,富奥股份,富奥汽车零部件股份有限公司,FAWER Automotive Parts Limited Company,吉林省长春市汽车经济技术开发区东风南街777号,30,富奥股份
000037,深南电Ａ,深圳南山热电股份有限公司,"SHENZHEN NANSHAN POWER STATION CO.,LTD",广东省深圳市南山区月亮湾大道2097号,37,深南电Ａ
000045,深纺织Ａ,深圳市纺织(集团)股份有限公司,"SHENZHEN TEXTILE (HOLDINGS) CO., LTD",广东省深圳市福田区华强北路3号深纺大厦6楼,45,深纺织Ａ
000055,方大集团,方大集团股份有限公司,"CHINA FANGDA GROUP CO., LTD",广东省深圳市高新区科技南十二路方大大厦,55,方大集团
000056,深国商,深圳市国际企业股份有限公司,"SHENZHEN INTERNATIONAL ENTERPRISE CO.,LTD",广东省深圳市福田区金田路2028号皇岗商务中心6楼,56,深国商
000058,深 赛 格,深圳赛格股份有限公司,"SHENZHEN SEG CO.,LTD",广东省深圳市福田区华强北路群星广场A座三十一楼,58,深 赛 格
000413,东旭光电,东旭光电科技股份有限公司,"Dongxu Optoelectronic Technology Co., Ltd.",河北省石家庄市高新技术产业开发区黄河大道9号,413,东旭光电
000418,小天鹅Ａ,无锡小天鹅股份有限公司,"WUXI LITTLE SWAN CO.,LTD",江苏省无锡市国家高新技术产业开发区长江南路18号,418,小天鹅Ａ
000429,粤高速Ａ,广东省高速公路发展股份有限公司,"GUANGDONG PROVINCIAL EXPRESSWAY DEVELOPMENT CO.,LTD",广东省广州市白云路85号,429,粤高速Ａ
000488,晨鸣纸业,山东晨鸣纸业集团股份有限公司,"SHANDONG CHENMING PAPER HOLDINGS CO.,LTD",山东省寿光市圣城街595号,488,晨鸣纸业
000505,*ST珠江,海南珠江控股股份有限公司,"HAINAN PEARL RIVER HOLDINGS CO.,LTD",海南省海口市珠江广场帝豪大厦29层,505,*ST珠江
000521,美菱电器,合肥美菱股份有限公司,"HEFEI MEILING CO.,LTD",安徽省合肥市经济技术开发区莲花路2163号,521,美菱电器
000530,大冷股份,大连冷冻机股份有限公司,"DALIAN REFRIGERATION CO., LTD",辽宁省大连市沙河口区西南路888号,530,大冷股份
000539,粤电力Ａ,广东电力发展股份有限公司,"GUANGDONG ELECTRIC POWER DEVELOPMENT CO., LTD",广东省广州市天河东路2号粤电广场南塔23-26楼,539,粤电力Ａ
000541,佛山照明,佛山电器照明股份有限公司,"FOSHAN ELECTRICAL AND LIGHTING CO., LTD",广东省佛山市禅城区汾江北路64号,541,佛山照明
000550,江铃汽车,江铃汽车股份有限公司,"JIANGLING MOTORS CO., LTD",江西省南昌市迎宾北大道509号,550,江铃汽车
000553,沙隆达Ａ,湖北沙隆达股份有限公司,"HUBEI SANONDA CO., LTD",湖北省荆州市北京东路93号,553,沙隆达Ａ
000570,苏常柴Ａ,常柴股份有限公司,"CHANGCHAI COMPANY,LIMITED",江苏省常州市怀德中路123号,570,苏常柴Ａ
000581,威孚高科,无锡威孚高科技集团股份有限公司,"WEIFU HIGH-TECHNOLOGY GROUP CO.,LTD.",江苏省无锡国家高新技术产业开发区华山路5号,581,威孚高科
000596,古井贡酒,安徽古井贡酒股份有限公司,"ANHUI GUJING DISTILLERY CO.,LTD",安徽省亳州市古井镇,596,古井贡酒
000613,大东海A,海南大东海旅游中心股份有限公司,"HAINAN DADONGHAI TOURISM CENTRE (HOLDINGS) CO.,LTD",海南省三亚市大东海,613,大东海A
000625,长安汽车,重庆长安汽车股份有限公司,Chongqing Changan Automobile Company Limited,重庆市江北区建新东路260号,625,长安汽车
000725,京东方Ａ,京东方科技集团股份有限公司,"BOE TECHNOLOGY GROUP CO., LTD",北京市朝阳区酒仙桥路10号,725,京东方Ａ
000726,鲁 泰Ａ,鲁泰纺织股份有限公司,"LU THAI TEXTILE CO., LTD",山东省淄博市高新技术开发区铭波路11号,726,鲁 泰Ａ
000761,本钢板材,本钢板材股份有限公司,"BENGANG STEEL PLATES CO.,LTD",辽宁省本溪市平山区钢铁路18号,761,本钢板材
000869,张 裕Ａ,烟台张裕葡萄酿酒股份有限公司,"YANTAI CHANGYU PIONEER WINE CO.,LTD",山东省烟台市大马路56号,869,张 裕Ａ
002001,新 和 成,浙江新和成股份有限公司,Zhejiang NHU Company Ltd.,浙江省新昌县羽林街道江北路4号,2001,新 和 成
002002,鸿达兴业,鸿达兴业股份有限公司,"Hongda Xingye Co.,Ltd.",江苏省扬州市广陵区杭集镇曙光路,2002,鸿达兴业
002003,伟星股份,浙江伟星实业发展股份有限公司,"Zhejiang Weixing Industrial Development Co., Ltd.",浙江省临海市花园工业区,2003,伟星股份
002004,华邦颖泰,华邦颖泰股份有限公司,"HUAPONT-NUTRICHEM CO., LTD.",重庆市渝北区人和星光大道69号,2004,华邦颖泰
002005,德豪润达,广东德豪润达电气股份有限公司,"Elec-Tech International Co., Ltd.",广东省珠海市香洲区唐家湾镇金凤路1号,2005,德豪润达
002006,精功科技,浙江精功科技股份有限公司,ZHEJIANG JINGGONG SCIENCE & TECHNOLOGY Co.，LTD,浙江省绍兴县柯桥镇柯西工业区,2006,精功科技
002007,华兰生物,华兰生物工程股份有限公司,Hualan Biological Engineering Inc.,河南省新乡市华兰大道甲1号,2007,华兰生物
002008,大族激光,深圳市大族激光科技股份有限公司,"Han""s Laser Technology Co., Ltd.",广东省深圳市南山区深南大道9988号,2008,大族激光
002009,天奇股份,天奇自动化工程股份有限公司,"Miracle Automation Engineering Co.,Ltd.",江苏省无锡市惠山区洛社镇洛藕路288号,2009,天奇股份
002010,传化股份,浙江传化股份有限公司,"Zhejiang Transfar Co.,Ltd.",浙江省杭州市萧山经济技术开发区,2010,传化股份
002011,盾安环境,浙江盾安人工环境股份有限公司,"ZHEJIANG DUN""AN ARTIFICIAL ENVIRONMENT Co., LTD.",中国浙江省诸暨市店口工业区,2011,盾安环境
002012,凯恩股份,浙江凯恩特种材料股份有限公司,"Zhejiang Kan Specialities Material Co., Ltd.",浙江省遂昌县妙高镇凯恩路1008号,2012,凯恩股份
002013,中航机电,中航工业机电系统股份有限公司,"AVIC Electromechanical Systems Co., Ltd.",湖北省襄阳市高新区追日路8号,2013,中航机电
002014,永新股份,黄山永新股份有限公司,"HUANGSHAN NOVEL Co., Ltd.",安徽省黄山市徽州区徽州东路188号,2014,永新股份
002015,ST霞客,江苏霞客环保色纺股份有限公司,"XIAKE COLOR SPINNING Co., Ltd.",江苏省江阴市徐霞客镇马镇东街7号,2015,ST霞客
002016,世荣兆业,广东世荣兆业股份有限公司,"Guangdong Shirongzhaoye Co.,Ltd",广东省珠海市斗门区井岸镇珠峰大道288号1区17号楼,2016,世荣兆业
002017,东信和平,东信和平科技股份有限公司,"Eastcompeace Technology Co., Ltd",广东省珠海市高新区南屏科技工业园屏工中路8号,2017,东信和平
002018,华星化工,安徽华星化工股份有限公司,"AN HUI HUAXING CHEMICAL INDUSTRY Co., Ltd.",安徽省和县乌江镇,2018,华星化工
002019,鑫富药业,浙江杭州鑫富药业股份有限公司,"ZHEJIANG HANGZHOU XINFU PHARMACEUTICAL Co., Ltd.",浙江省临安经济开发区,2019,鑫富药业
002020,京新药业,浙江京新药业股份有限公司,"ZHEJIANG JINGXIN PHARMACEUTICAL Co., Ltd.",浙江省新昌县羽林街道新昌大道东路800号,2020,京新药业
002021,中捷股份,中捷缝纫机股份有限公司,"ZoJe Sewing Machine Co., Ltd.",浙江省玉环县大麦屿街道兴港东路198号,2021,中捷股份
002022,科华生物,上海科华生物工程股份有限公司,"SHANGHAI KEHUA BIO-ENGINEERING CO.,LTD.",上海市钦州北路1189号,2022,科华生物
002023,海特高新,四川海特高新技术股份有限公司,"Sichuan Haite High-tech Co.,Ltd.",四川省成都市高新区高朋大道21号,2023,海特高新
002024,苏宁云商,苏宁云商集团股份有限公司,"SUNING COMMERCE GROUP CO., LTD.",江苏省南京市山西路8号金山大厦1-5层,2024,苏宁云商
002025,航天电器,贵州航天电器股份有限公司,"Guizhou Space Appliance Co., Ltd.",贵州省贵阳市小河区红河路7号,2025,航天电器
002026,山东威达,山东威达机械股份有限公司,"SHANDONG WEIDA MACHINERY Co., Ltd.",山东省文登市蔄山镇中韩路2号,2026,山东威达
002027,七喜控股,七喜控股股份有限公司,"HEDY HOLDING CO., LTD.",广东省广州市高新技术产业开发区科学城科学大道162号B3区第二层206单元,2027,七喜控股
002028,思源电气,思源电气股份有限公司,"Siyuan Electric Co., Ltd.",上海市闵行区华宁路3399号,2028,思源电气
002029,七 匹 狼,福建七匹狼实业股份有限公司,"FUJIAN SEPTWOLVES INDUSTRY CO., LTD.",福建省晋江市金井镇南工业区,2029,七 匹 狼
002030,达安基因,中山大学达安基因股份有限公司,"DA AN GENE Co., Ltd. OF SUN YAT-SEN UNIVERSITY",广东省广州市高新技术开发区科学城香山路19号,2030,达安基因
002031,巨轮股份,巨轮股份有限公司,GREATOO INC.,广东省揭东经济开发区5号路中段,2031,巨轮股份
002032,苏 泊 尔,浙江苏泊尔股份有限公司,"ZHE JIANG SUPOR Co., Ltd.",浙江省玉环县大麦屿经济开发区,2032,苏 泊 尔
002033,丽江旅游,丽江玉龙旅游股份有限公司,"LiJiang YuLong Tourism Co.,Ltd.",云南省丽江市古城区香格里大道760号丽江玉龙旅游大厦,2033,丽江旅游
002034,美 欣 达,浙江美欣达印染集团股份有限公司,"Zhejiang Mizuda printing&dyeing group co.,Ltd，",浙江省湖州市美欣达路588号,2034,美 欣 达
002035,华帝股份,华帝股份有限公司,VATTI CORPORATION LIMITED,广东省中山市小榄镇工业大道南华园路1号,2035,华帝股份
002036,宜科科技,宁波宜科科技实业股份有限公司,"NingBo YAK Technology Industrial Co.,Ltd.",浙江省宁波市鄞州区鄞州大道西段888号,2036,宜科科技
002037,久联发展,贵州久联民爆器材发展股份有限公司,"GUIZHOU JIULIAN INDUSTRIAL EXPLOSIVE MATERIAL DEVELOPMENT Co., Ltd.",贵州省贵阳市高新技术开发区新天园区,2037,久联发展
002038,双鹭药业,北京双鹭药业股份有限公司,"BeiJing SL Pharmaceutical Co., Ltd.",北京市海淀区西三环北路100号金玉大厦1103-1105室,2038,双鹭药业
002039,黔源电力,贵州黔源电力股份有限公司,"GuiZhou QianYuan Power Co., Ltd.",贵州省贵阳市都司高架桥路46号黔源大厦,2039,黔源电力
002040,南 京 港,南京港股份有限公司,"NANJING PORT Co., Ltd.",江苏省南京市栖霞区和燕路251号1幢1101室,2040,南 京 港
002041,登海种业,山东登海种业股份有限公司,"Shandong Denghai Seeds Co., Ltd.",山东省莱州市农科院城山路西侧,2041,登海种业
002042,华孚色纺,华孚色纺股份有限公司,"HUAFU TOP DYED MELANGE YARN CO., LTD",安徽省淮北市濉溪路庆相桥,2042,华孚色纺
002043,兔 宝 宝,德华兔宝宝装饰新材股份有限公司,"DEHUA TB NEW DECORATION MATERIAL Co.,Ltd.",浙江省德清县洛舍镇工业区,2043,兔 宝 宝
002044,江苏三友,江苏三友集团股份有限公司,"JIANGSU SANYOU GROUP CO.,LTD.",江苏省南通市人民东路218号,2044,江苏三友
002045,国光电器,国光电器股份有限公司,"GUOGUANG ELECTRIC Co.,Ltd.",广东省广州市花都区新华街镜湖大道8号,2045,国光电器
002046,轴研科技,洛阳轴研科技股份有限公司,"LUOYANG BEARING SCIENCE & TECHNOLOGY Co.,Ltd.",河南省洛阳市高新技术开发区丰华路6号,2046,轴研科技
002047,宝鹰股份,深圳市宝鹰建设控股集团股份有限公司,"Shenzhen Bauing Construction Holding Group Co.,Ltd.",广东省深圳市宝安区福永街道桥头社区桥塘大道,2047,宝鹰股份
002048,宁波华翔,宁波华翔电子股份有限公司,"Ningbo Huaxiang Electronic Co.,Ltd.",浙江省象山县西周镇象西开发区,2048,宁波华翔
002049,同方国芯,同方国芯电子股份有限公司,"Tongfang Guoxin Electronics Co., Ltd.",河北省玉田县无终西街3129号,2049,同方国芯
002050,三花股份,浙江三花股份有限公司,"ZHEJIANG SANHUA Co., Ltd.",浙江省新昌县七星街道下礼泉,2050,三花股份
002051,中工国际,中工国际工程股份有限公司,"CHINA CAMC ENGINEERING CO., LTD.",北京市海淀区丹棱街3号,2051,中工国际
002052,同洲电子,深圳市同洲电子股份有限公司,"SHENZHEN COSHIP ELECTRONICS CO.,LTD.",广东省深圳市南山区高新科技园北区彩虹科技大厦六楼,2052,同洲电子
002053,云南盐化,云南盐化股份有限公司,"YUNNAN SALT &CHEMICAL INDUSTRY CO., LTD",云南省昆明市官渡区春城路276号,2053,云南盐化
002054,德美化工,广东德美精细化工股份有限公司,"DYMATIC CHEMICALS,INC.",广东省佛山市顺德高新区科技产业园朝桂南路,2054,德美化工
002055,得润电子,深圳市得润电子股份有限公司,"ZHENZHEN DEREN ELECTRONIC CO.,LTD.",广东省深圳市光明新区光明街道三十三路9号得润电子工业园,2055,得润电子
002056,横店东磁,横店集团东磁股份有限公司,"Hengdian Group DMEGC Magnetics Co., Ltd.",浙江省东阳市横店工业区,2056,横店东磁
002057,中钢天源,中钢集团安徽天源科技股份有限公司,"Sinosteel Anhui Tianyuan Technology Co.,Ltd.",安徽省马鞍山市经济技术开发区红旗南路51号,2057,中钢天源
002058,威 尔 泰,上海威尔泰工业自动化股份有限公司,"SHANGHAI WELLTECH AUTOMATION CO.,LTD.",上海市闵行区虹中路263号1幢,2058,威 尔 泰
002059,云南旅游,云南旅游股份有限公司,"Yunnan Tourism Co., Ltd.",云南省昆明市白龙路世博园,2059,云南旅游
002060,粤 水 电,广东水电二局股份有限公司,"Guangdong No.2 Hydropower Engineering Company,Ltd",广东省广州市天河区珠江新城华明路9号华普广场西塔21层,2060,粤 水 电
002061,江山化工,浙江江山化工股份有限公司,"Zhejiang Jiangshan Chemical Co.,Ltd.",浙江省江山市景星东路38号,2061,江山化工
002062,宏润建设,宏润建设集团股份有限公司,"HONGRUN CONSTRUCTION GROUP CO.,LTD.",浙江省象山县丹城镇建设东路262号,2062,宏润建设
002063,远光软件,远光软件股份有限公司,YGSOFT INC.,广东省珠海市港湾大道科技一路3号,2063,远光软件
002064,华峰氨纶,浙江华峰氨纶股份有限公司,Zhejiang Huafeng Spandex Co.，Ltd.,浙江省瑞安市莘塍工业园区,2064,华峰氨纶
002065,东华软件,东华软件股份公司,"DHC SOFTWARE CO.,LTD",北京市海淀区紫金数码园3号楼15层1501,2065,东华软件
002066,瑞泰科技,瑞泰科技股份有限公司,"Ruitai Materials Technology Co., Ltd.",北京市朝阳区酒仙桥路乙21号,2066,瑞泰科技
002067,景兴纸业,浙江景兴纸业股份有限公司,"Zhejiang Jingxing Paper Jiont Stock Co.,Ltd.",浙江省平湖市曹桥镇,2067,景兴纸业
002068,黑猫股份,江西黑猫炭黑股份有限公司,"JIANGXI BLACK CAT CARBON BLACK CO., LTD.",江西省景德镇市历尧,2068,黑猫股份
002069,獐 子 岛,獐子岛集团股份有限公司,"ZHANGZIDAO GROUP CO.,LTD.",辽宁省大连市长海县獐子岛镇沙包村,2069,獐 子 岛
002070,众和股份,福建众和股份有限公司,"ZHONGHE CO.,LTD.",福建省莆田市秀屿区西许工业区5-8号,2070,众和股份
002071,江苏宏宝,江苏宏宝五金股份有限公司,"Jiangsu Hongbao Hardware Co.,Ltd",江苏省张家港市大新镇人民路128号,2071,江苏宏宝
002072,德棉股份,山东德棉股份有限公司,SHANDONG DEMIAN INCORPORATED COMPANY,山东省德州市德城区顺河西路18号,2072,德棉股份
002073,软控股份,软控股份有限公司,"MESNAC CO.,LTD",山东省青岛市保税区纽约路2号,2073,软控股份
002074,东源电器,江苏东源电器集团股份有限公司,"Jiangsu Dongyuan Electrical Group Co.,Ltd.",江苏省南通市通州区十总镇东源大道1号,2074,东源电器
002075,沙钢股份,江苏沙钢股份有限公司,"JIANGSU SHAGANG CO.,LTD.",江苏省张家港市锦丰镇沙钢大厦,2075,沙钢股份
002076,雪 莱 特,广东雪莱特光电科技股份有限公司,"CNLIGHT CO., LTD.",广东省佛山市南海区狮山工业科技工业园A区,2076,雪 莱 特
002077,大港股份,江苏大港股份有限公司,"JIANGSU DAGANG CO.,LTD．",江苏省镇江新区大港通港路1号,2077,大港股份
002078,太阳纸业,山东太阳纸业股份有限公司,"SHAN DONG SUN PAPER INDUSTRY JOINT STOCK CO., LTD.",山东省兖州市西关大街66号,2078,太阳纸业
002079,苏州固锝,苏州固锝电子股份有限公司,"SUZHOU GOODARK ELECTRONICS CO., LTD.",江苏省苏州市通安开发区通锡路31号,2079,苏州固锝
002080,中材科技,中材科技股份有限公司,"Sinoma Science & Technology Co.,Ltd.",江苏省南京市江宁科学园彤天路99号,2080,中材科技
002081,金 螳 螂,苏州金螳螂建筑装饰股份有限公司,"Suzhou Gold Mantis Construction Decoration Co., Ltd.",江苏省苏州工业园区民营工业区,2081,金 螳 螂
002082,栋梁新材,浙江栋梁新材股份有限公司,"Zhe Jiang Dongliang New building Materials Co., Ltd",浙江省湖州市八里店镇,2082,栋梁新材
002083,孚日股份,孚日集团股份有限公司,"SUNVIM GROUP CO., LTD",山东省高密市孚日街1号,2083,孚日股份
002084,海鸥卫浴,广州海鸥卫浴用品股份有限公司,"GuangZhou Seagull Kitchen And Bath Products Co.,Ltd",广东省广州市番禺区沙头街禺山西路363号,2084,海鸥卫浴
002085,万丰奥威,浙江万丰奥威汽轮股份有限公司,"ZHEJIANG WANFENG AUTO WHEEL CO., LTD.",浙江省新昌县城关镇新昌工业区（后溪）,2085,万丰奥威
002086,东方海洋,山东东方海洋科技股份有限公司,"Shandong Oriental Ocean Sci-Tech Co., Ltd",山东省烟台市莱山区澳柯玛大街18号,2086,东方海洋
002087,新野纺织,河南新野纺织股份有限公司,"HENNAN XINYE TEXTLE CO.,LTD.",河南省新野县城关镇书院路15号,2087,新野纺织
002088,鲁阳股份,山东鲁阳股份有限公司,"SHANDONG LU YANG SHARE CO., LTD.",山东省淄博市沂源县沂河路11号,2088,鲁阳股份
002089,新 海 宜,苏州新海宜通信科技股份有限公司,SUZHOU NEW SEA UNION TELECOM TECHNOLOGY CO.， LTD.,江苏省苏州工业园区泾茂路168号,2089,新 海 宜
002090,金智科技,江苏金智科技股份有限公司,"Wiscom System Co., Ltd.",江苏省南京市江宁开发区将军大道100号,2090,金智科技
002091,江苏国泰,江苏国泰国际集团国贸股份有限公司,"JIANGSU GUOTAI INTERNATIONAL GROUP GUOMAO CO., LTD",江苏省张家港市国泰时代广场11-24楼,2091,江苏国泰
002092,中泰化学,新疆中泰化学股份有限公司,"XINJIANG ZHONGTAI CHEMICAL CO.,LTD.",新疆维吾尔自治区乌鲁木齐市经济技术开发区阳澄湖路39号,2092,中泰化学
002093,国脉科技,国脉科技股份有限公司,"Guomai Technologies, Inc",福建省福州市马尾区江滨东大道116号,2093,国脉科技
002094,青岛金王,青岛金王应用化学股份有限公司,"Qingdao Kingking Applied Chemistry Co.,Ltd.",山东省青岛即墨市青岛环保产业园,2094,青岛金王
002095,生 意 宝,浙江网盛生意宝股份有限公司,"Zhejiang NetSun Co.,Ltd.",浙江省杭州市莫干山路187号易盛大厦12F,2095,生 意 宝
002096,南岭民爆,湖南南岭民用爆破器材股份有限公司,"Hunan Nanling Industry Explosive Material Co.,LTD",湖南省永州市双牌县泷泊镇双北路6号,2096,南岭民爆
002097,山河智能,山河智能装备股份有限公司,"SUNWARD INTELLIGENT EQUIPMENT CO.,LTD.",湖南省长沙市经济技术开发区漓湘中路16号,2097,山河智能
002098,浔兴股份,福建浔兴拉链科技股份有限公司,"FUJIAN SBS ZIPPER SCIENCE&TECHNOLOGY CO.,LTD.",福建省晋江市深沪乌漏沟东工业区,2098,浔兴股份
002099,海翔药业,浙江海翔药业股份有限公司,"Zhejiang Hisoar Pharmaceutical Co.,Ltd.",浙江省台州市椒江区外沙支路100号,2099,海翔药业
002100,天康生物,新疆天康畜牧生物技术股份有限公司,"XINJIANG TECON ANIMAL HUSBANDRY BIO-TECHNOLOGY Co,. LTD.",新疆维吾尔自治区乌鲁木齐市高新区长春南路528号,2100,天康生物
002101,广东鸿图,广东鸿图科技股份有限公司,"Guangdong Hongtu Technology(holdings)Co.,Ltd.",广东省高要市金渡世纪大道168号,2101,广东鸿图
002102,冠福家用,福建冠福现代家用股份有限公司,"Fujian Guanfu Modern Household Wares Co,. Ltd",福建省泉州市德化县土坂村冠福工业园,2102,冠福家用
002103,广博股份,广博集团股份有限公司,"GUANGBO GROUP STOCK CO.,LTD.",浙江省宁波市鄞州区石碶街道车何,2103,广博股份
002104,恒宝股份,恒宝股份有限公司,"HENGBAO CO.,LTD.",江苏省丹阳市横塘工业区,2104,恒宝股份
002105,信隆实业,深圳信隆实业股份有限公司,HL CORP.(SHENZHEN),广东省深圳市龙华新区龙华办事处龙发路65号,2105,信隆实业
002106,莱宝高科,深圳莱宝高科技股份有限公司,"SHENZHEN LAIBAO HI-TECH CO., LTD.",广东省深圳市南山区高新技术产业园北区朗山二路,2106,莱宝高科
002107,沃华医药,山东沃华医药科技股份有限公司,"Shandong Wohua Pharmaceutical Co., Ltd.",山东省潍坊市高新技术产业开发区梨园街3517号,2107,沃华医药
002108,沧州明珠,沧州明珠塑料股份有限公司,"Cangzhou Mingzhu Plastic Co.,Ltd.",河北省沧州市沧石路张庄子工业园区,2108,沧州明珠
002109,兴化股份,陕西兴化化学股份有限公司,"SHAANXI XINGHUA CHEMISTRY CO., LTD",陕西省兴平市南郊,2109,兴化股份
002110,三钢闽光,福建三钢闽光股份有限公司,"Sansteel MinGuang Co.,Ltd.,Fujian",福建省三明市梅列区工业中路群工三路,2110,三钢闽光
002111,威海广泰,威海广泰空港设备股份有限公司,"Weihai Guangtai Airport Equipment Co., Limited",山东省威海市环翠区黄河街16号,2111,威海广泰
002112,三变科技,三变科技股份有限公司,"SAN BIAN SCI－TECH Co.,LTD.",浙江省三门县海游镇西区大道369号,2112,三变科技
002113,天润控股,湖南天润实业控股股份有限公司,"HUNAN TIANRUN ENTERPRISES HOLDING CO.,LTD",湖南省岳阳市九华山2号,2113,天润控股
002114,罗平锌电,云南罗平锌电股份有限公司,"YUNNAN LUOPING ZINC AND ELECTRICITY Co., LTD",云南省曲靖市罗平县罗雄镇九龙大道南段,2114,罗平锌电
002115,三维通信,三维通信股份有限公司,"SUNWAVE COMMUNICATIONS CO.,LTD.",浙江省杭州市滨江区火炬大道581号三维大厦,2115,三维通信
002116,中国海诚,中国海诚工程科技股份有限公司,"CHINA HAISUM ENGINEERING CO.,LTD.",上海市宝庆路21号,2116,中国海诚
002117,东港股份,东港股份有限公司,TUNGKONG INC.,山东省济南市山大北路23号,2117,东港股份
002118,紫鑫药业,吉林紫鑫药业股份有限公司,"Jilin Zixin Pharmaceutical Industrial Co., Ltd.",吉林省通化市柳河县英利路88号,2118,紫鑫药业
002119,康强电子,宁波康强电子股份有限公司,"Ningbo Kangqiang Electronics Co., Ltd.",浙江省宁波市鄞州投资创业中心金源路988号,2119,康强电子
002120,新海股份,宁波新海电气股份有限公司,"NINGBO XINHAI ELECTRIC CO., LTD",浙江省慈溪市崇寿镇永清南路8号,2120,新海股份
002121,科陆电子,深圳市科陆电子科技股份有限公司,"SHENZHEN CLOU ELECTRONICS CO.,LTD.",广东省深圳市南山区高新技术产业园南区T2栋A、B区五楼,2121,科陆电子
002122,天马股份,天马轴承集团股份有限公司,"TIANMA BEARING GROUP CO., LTD.",浙江省杭州市石祥路208号,2122,天马股份
002123,荣信股份,荣信电力电子股份有限公司,RONGXIN POWER ELECTRONIC CO.，LTD.,辽宁省鞍山市高新区鞍千路261号,2123,荣信股份
002124,天邦股份,宁波天邦股份有限公司,"Ningbo Tech-bank Co.,Ltd.",浙江省余姚市玉立路55号阳光国际大厦A座1805-1807,2124,天邦股份
002125,湘潭电化,湘潭电化科技股份有限公司,"XIANGTAN ELECTROCHEMICAL SCIENTIFIC CO.,LTD.",湖南省湘潭市滴水埠,2125,湘潭电化
002126,银轮股份,浙江银轮机械股份有限公司,"Zhejiang Yinlun Machinery Co., LTD",浙江省天台县福溪街道交通运输机械工业园区,2126,银轮股份
002127,*ST新民,江苏新民纺织科技股份有限公司,"Jiangsu Xinmin Textile Science & Technology Co., Ltd.",江苏省吴江市盛泽镇五龙路22号,2127,*ST新民
002128,露天煤业,内蒙古霍林河露天煤业股份有限公司,HUOLINHE OPENCUT COAL INDUSTRY CORPORATION LIMITED OFINNERMONGOLIA,内蒙古自治区霍林郭勒市哲里木大街（霍矿珠斯花区）,2128,露天煤业
002129,中环股份,天津中环半导体股份有限公司,"TIANJIN ZHONGHUAN SEMICONDUCTOR CO., LTD.",天津市新技术产业园区华苑产业区（环外）海泰东路12号,2129,中环股份
002130,沃尔核材,深圳市沃尔核材股份有限公司,"SHENZHEN WOER HEAT-SHRINKABLE MATERIAL CO.,LTD",广东省深圳市坪山新区兰景北路沃尔工业园,2130,沃尔核材
002131,利欧股份,利欧集团股份有限公司,"LEO GROUP CO.,LTD.",浙江省温岭市滨海镇利欧路1号,2131,利欧股份
002132,恒星科技,河南恒星科技股份有限公司,"Henan Hengxing Science & Technology CO.,LTD.",河南省巩义市康店镇焦湾村伊洛北路121号,2132,恒星科技
002133,广宇集团,广宇集团股份有限公司,"Cosmos Group Co.,Ltd.",浙江省杭州市平海路8号,2133,广宇集团
002134,*ST普林,天津普林电路股份有限公司,TIANJIN PRINTRONICS CIRCUIT CORPORATION,天津市空港经济区航海路53号,2134,*ST普林
002135,东南网架,浙江东南网架股份有限公司,"Zhejiang Southeast Space Frame Co., Ltd.",浙江省杭州市萧山区衙前镇,2135,东南网架
002136,安 纳 达,安徽安纳达钛业股份有限公司,"ANHUI ANNADA TITANIUM INDUSTRY CO.,LTD.",安徽省铜陵市铜官大道,2136,安 纳 达
002137,实 益 达,深圳市实益达科技股份有限公司,"SHENZHEN SEA STAR TECHNOLOGY CO., LTD.",广东省深圳市龙岗区宝龙工业城宝龙六路实益达科技园,2137,实 益 达
002138,顺络电子,深圳顺络电子股份有限公司,"Shenzhen Sunlord Electronics Co.,Ltd.",广东省深圳市宝安区观澜街道大富苑工业区顺络观澜工业园,2138,顺络电子
002139,拓邦股份,深圳拓邦股份有限公司,"SHENZHEN TOPBAND CO., LTD.",广东省深圳市南山区高新技术产业园清华大学研究院B区403-414房,2139,拓邦股份
002140,东华科技,东华工程科技股份有限公司,East China Engineering Science and Technology Co.，Ltd.,安徽省合肥市长江西路669号高新技术产业开发区内,2140,东华科技
002141,蓉胜超微,广东蓉胜超微线材股份有限公司,"GUANGDONG RONSEN SUPER MICRO-WIRE CO., LTD.",广东省珠海市金湾区三灶镇三灶科技工业园,2141,蓉胜超微
002142,宁波银行,宁波银行股份有限公司,"BANK OF NINGBO CO., LTD",浙江省宁波市鄞州区宁南南路700号,2142,宁波银行
002143,高金食品,四川高金食品股份有限公司,"Sichuan Gaojin Food Co.,Ltd.",四川省遂宁市滨江南路666号,2143,高金食品
002144,宏达高科,宏达高科控股股份有限公司,"Hongda High-Tech Holding Co.,Ltd.",浙江省海宁市许村镇建设路118号,2144,宏达高科
002145,中核钛白,中核华原钛白股份有限公司,"CNNC HUA YUAN TITANIUM DIOXIDE CO.,LTD",甘肃省嘉峪关市和诚西路359号二楼,2145,中核钛白
002146,荣盛发展,荣盛房地产发展股份有限公司,"RiseSun Real Estate Development Co.,Ltd",河北省廊坊市经济技术开发区祥云道81号,2146,荣盛发展
002147,方圆支承,马鞍山方圆回转支承股份有限公司,"Maanshan Fangyuan Slewing Ring CO., LTD.",安徽省马鞍山市经济技术开发区超山西路,2147,方圆支承
002148,北纬通信,北京北纬通信科技股份有限公司,"BEIJING BEWINNER COMMUNICATIONS CO., LTD.",北京市丰台区西四环南路19号九号楼247室,2148,北纬通信
002149,西部材料,西部金属材料股份有限公司,WESTERN METAL MATERIALS CO. LTD,陕西省西安市高新技术产业开发区科技三路56号,2149,西部材料
002150,通润装备,江苏通润装备科技股份有限公司,"JIANGSU TONGRUN EQUIPMENT TECHNOLOGY CO.,LTD.",江苏省常熟市海虞镇周行通港工业开发区,2150,通润装备
002151,北斗星通,北京北斗星通导航技术股份有限公司,"Beijing BDStar Navigation Co.,Ltd.",北京市海淀区中关村永丰高新技术产业基地丰贤东路7号北斗星通大厦,2151,北斗星通
002152,广电运通,广州广电运通金融电子股份有限公司,"GRG Banking Equipment Co., Ltd.",广东省广州市萝岗区科学城科林路9号,2152,广电运通
002153,石基信息,北京中长石基信息技术股份有限公司,"Beijing Shiji Information Technology Co., Ltd.",北京市海淀区复兴路甲65号-A11层,2153,石基信息
002154,报 喜 鸟,浙江报喜鸟服饰股份有限公司,"ZHEJIANG BAOXINIAO GARMENT CO.,LTD.",浙江省永嘉县瓯北镇报喜鸟工业区,2154,报 喜 鸟
002155,辰州矿业,湖南辰州矿业股份有限公司,"Chenzhou Mining Group Co.,Ltd.",湖南省沅陵县官庄镇,2155,辰州矿业
002156,通富微电,南通富士通微电子股份有限公司,"NANTONG FUJITSU MICROELECTRONICS CO.,LTD.　",江苏省南通市崇川开发区崇川路288号,2156,通富微电
002157,正邦科技,江西正邦科技股份有限公司,"JIANGXI ZHENGBANG TECHNOLOGY CO.,LTD.",江西省南昌市高新技术开发区艾溪湖一路569号,2157,正邦科技
002158,汉钟精机,上海汉钟精机股份有限公司,"SHANGHAI HANBELL PRECISE MACHINERY CO.,LTD.",上海市金山区枫泾工业开发区亭枫公路8289号,2158,汉钟精机
002159,三特索道,武汉三特索道集团股份有限公司,"Wuhan Sante Cableways Group Co.,Ltd.",湖北省武汉市武昌区黄鹂路88号1号楼,2159,三特索道
002160,*ST常铝,江苏常铝铝业股份有限公司,"JIANGSU ALCHA ALUMINUM CO.,LTD.",江苏省常熟市白茆镇西,2160,*ST常铝
002161,远 望 谷,深圳市远望谷信息技术股份有限公司,"Invengo Information Technology Co., Ltd",广东省深圳市南山区高新技术产业园区南区T2栋B座3层,2161,远 望 谷
002162,斯米克,上海斯米克控股股份有限公司,"Shanghai CIMIC holdings CO.,Ltd",上海市闵行区浦江镇三鲁公路2121号,2162,斯米克
002163,中航三鑫,中航三鑫股份有限公司,"AVIC SANXIN HOLDING CO.,LTD",广东省深圳市南山区南海大道2061号新保辉大厦17层,2163,中航三鑫
002164,宁波东力,宁波东力股份有限公司,"Ningbo Donly Co.,LTD",浙江省宁波市江北区银海路1号,2164,宁波东力
002165,红 宝 丽,南京红宝丽股份有限公司,NANJING HONGBAOLI CORPORATION，LTD.,江苏省南京市高淳县经济开发区双高路29号,2165,红 宝 丽
002166,莱茵生物,桂林莱茵生物科技股份有限公司,Guilin Layn Natural Ingredients Corp.,广西壮族自治区桂林市临桂县西城南路秧塘工业园,2166,莱茵生物
002167,东方锆业,广东东方锆业科技股份有限公司,"GUANGDONG ORIENT ZIRCONIC IND SCI & TECH CO.,LTD.",广东省汕头市澄海区莱美路宇田科技园,2167,东方锆业
002168,深圳惠程,深圳市惠程电气股份有限公司,"SHENZHEN HIFUTURE ELECTRIC CO.,LTD.",广东省深圳市龙岗区大工业区兰景路以东、锦绣路以南惠程科技工业厂区,2168,深圳惠程
002169,智光电气,广州智光电气股份有限公司,"GUANGZHOU ZHIGUANG ELECTRIC CO.,LTD.",广东省广州市黄埔区云埔工业区埔南路51号,2169,智光电气
002170,芭田股份,深圳市芭田生态工程股份有限公司,"SHENZHEN BATIAN ECOTYPIC ENGINEERING CO., LTD.",广东省深圳市南山区高新技术园粤兴二道10号7-8楼,2170,芭田股份
002171,精诚铜业,安徽精诚铜业股份有限公司,"Anhui Jingcheng Copper Share CO.,LTD.",安徽省芜湖市九华北路8号,2171,精诚铜业
002172,澳洋科技,江苏澳洋科技股份有限公司,Jiangsu Aoyang Technology Corporation Limited.,江苏省张家港市杨舍镇塘市镇中路018号,2172,澳洋科技
002173,千足珍珠,千足珍珠集团股份有限公司,"PURE PEARL GROUP CO., LTD.",浙江省诸暨市山下湖镇郑家湖村,2173,千足珍珠
002174,梅 花 伞,梅花伞业股份有限公司,"Susino Umbrella Co., Ltd.",福建省晋江市东石镇安东工业区,2174,梅 花 伞
002175,广陆数测,桂林广陆数字测控股份有限公司,"Guilin Guanglu Measuring Instrument Co., Ltd.",广西壮族自治区桂林国家高新区5号区,2175,广陆数测
002176,江特电机,江西特种电机股份有限公司,"JIANGXI SPECIAL ELECTRIC MOTOR CO.,LTD",江西省宜春市环城南路581号,2176,江特电机
002177,御银股份,广州御银科技股份有限公司,"Guangzhou KingTeller Technology Co., Ltd.",广东省广州市五山路248号金山大厦26层06、10房,2177,御银股份
002178,延华智能,上海延华智能科技(集团)股份有限公司,SHANGHAI YANHUA SMARTECH GROUP CO.，LTD.,上海市普陀区西康路1255号6楼602室,2178,延华智能
002179,中航光电,中航光电科技股份有限公司,"China Aviation Optical-Electrical Technology Co., Ltd",河南省洛阳高新技术开发区周山路10号,2179,中航光电
002180,万 力 达,珠海万力达电气股份有限公司,"Zhuhai Wanlida electric Co., Ltd.",广东省珠海市高新区科技创新海岸科技一路万力达继保科技园,2180,万 力 达
002181,粤 传 媒,广东广州日报传媒股份有限公司,"Guangdong Guangzhou Daily Media Co.,Ltd.",广东省广州市白云区增槎路1113号,2181,粤 传 媒
002182,云海金属,南京云海特种金属股份有限公司,"NANJING YUNHAI SPECIAL METALS CO., LTD.",江苏省南京市溧水经济开发区秀山东路9号,2182,云海金属
002183,怡 亚 通,深圳市怡亚通供应链股份有限公司,Eternal Asia Supply Chain Management Ltd.,广东省深圳市福田区深南中路3039号国际文化大厦2701B、2703号,2183,怡 亚 通
002184,海得控制,上海海得控制系统股份有限公司,Shanghai Hi-tech Control System Co.，Ltd,上海市闵行区漕河泾开发区浦江高科技园新骏环路777号,2184,海得控制
002185,华天科技,天水华天科技股份有限公司,"Tianshui Huatian Technology Co.,Ltd.",甘肃省天水市秦州区双桥路14号,2185,华天科技
002186,全 聚 德,中国全聚德(集团)股份有限公司,"CHINA QUANJUDE(GROUP) CO.,LTD",北京市宣武区前门西河沿217号,2186,全 聚 德
002187,广百股份,广州市广百股份有限公司,"Guangzhou Grandbuy Co., Ltd.",广东省广州市越秀区西湖路12号,2187,广百股份
002188,新 嘉 联,浙江新嘉联电子股份有限公司,"ZHEJIANG NEW JIALIAN ELECTRONICS CO., LTD",浙江省嘉善县经济开发区东升路36号,2188,新 嘉 联
002189,利达光电,利达光电股份有限公司,"LIDA OPTICAL AND ELECTRONIC CO.,LTD",河南省南阳市中州路254号,2189,利达光电
002190,成飞集成,四川成飞集成科技股份有限公司,SICHUAN CHENGFEI INTEGRATION TECHNOLOGY CORP.LTD,四川省成都市青羊区日月大道666号一栋,2190,成飞集成
002191,劲嘉股份,深圳劲嘉彩印集团股份有限公司,"SHENZHEN JINJIA COLOR PRINTING GROUP CO.,LTD.",广东省深圳市南山区高新技术产业园区科技中二路劲嘉科技大厦18-19层,2191,劲嘉股份
002192,路翔股份,路翔股份有限公司,"Luxiang Co.,LTD.",广东省广州市高新技术产业开发区科学城揽月路80号广州科技创新基地D区第五层501-503单元,2192,路翔股份
002193,山东如意,山东济宁如意毛纺织股份有限公司,"SHANDONG JINING RUYI WOOLEN TEXTILE Co.,Ltd",山东省济宁市高新区如意工业园,2193,山东如意
002194,武汉凡谷,武汉凡谷电子技术股份有限公司,"Wuhan Fingu Electronic Technology Co., LTD.",湖北省武汉市洪山区关东科技园三号区二号楼,2194,武汉凡谷
002195,海隆软件,上海海隆软件股份有限公司,"SHANGHAI HYRON SOFTWARE Co., LTD.",上海市宜山路700号85幢6楼,2195,海隆软件
002196,方正电机,浙江方正电机股份有限公司,"ZHEJIANG FOUNDER MOTOR CO.,LTD.",浙江省丽水生态产业集聚区(经济开发区)石牛路73号,2196,方正电机
002197,证通电子,深圳市证通电子股份有限公司,"Shenzhen Zhengtong Electronics CO.,LTD.",广东省深圳市南山区南油天安工业村八座3A,2197,证通电子
002198,嘉应制药,广东嘉应制药股份有限公司,"GUANGDONG JIAYING PHARMACEUTICAL CO., LTD.",广东省梅州市东升工业园B区,2198,嘉应制药
002199,东晶电子,浙江东晶电子股份有限公司,"ZHEJIANG EAST CRYSTAL ELECTRONIC CO., LTD",浙江省金华市宾虹西路555号,2199,东晶电子
002200,绿大地,云南绿大地生物科技股份有限公司,"YUNNAN GREENLAND BIOLOGICAL TECHNOLOGY CO., LTD",云南省昆明市经济技术开发区经浦路6号,2200,绿大地
002201,九鼎新材,江苏九鼎新材料股份有限公司,"Jiangsu Jiuding New Material Co., Ltd",江苏省如皋市中山东路1号,2201,九鼎新材
002202,金风科技,新疆金风科技股份有限公司,"XINJIANG GOLDWIND SCIENCE&TECHNOLOGY CO.,LTD",新疆维吾尔自治区乌鲁木齐市经济技术开发区上海路107号,2202,金风科技
002203,海亮股份,浙江海亮股份有限公司,"ZHEJIANG HAILIANG Co.,Ltd.",浙江省诸暨市店口镇工业区,2203,海亮股份
002204,大连重工,大连华锐重工集团股份有限公司,"Dalian Huarui Heavy Industry Group Co.,LTD.",辽宁省大连市西岗区八一路169号,2204,大连重工
002205,国统股份,新疆国统管道股份有限公司,"XINJIANG GUOTONG PIPELINE CO.,LTD",新疆维吾尔自治区乌鲁木齐市林泉西路765号,2205,国统股份
002206,海 利 得,浙江海利得新材料股份有限公司,"Zhejiang Hailide New Material CO.,Ltd.",浙江省海宁市马桥镇经编园区内,2206,海 利 得
002207,准油股份,新疆准东石油技术股份有限公司,"Xinjiang Zhundong Petroleum Technology Co., Ltd.",新疆维吾尔自治区克拉玛依市光明东路17号,2207,准油股份
002208,合肥城建,合肥城建发展股份有限公司,"Hefei Urban Construction Development Co.,LTD",安徽省合肥市长江中路319号仁和大厦23-24层,2208,合肥城建
002209,达 意 隆,广州达意隆包装机械股份有限公司,"GUANGZHOU TECH-LONG PACKAGING MACHINERY CO., LTD.",广东省广州市萝岗区云埔一路23号,2209,达 意 隆
002210,飞马国际,深圳市飞马国际供应链股份有限公司,"Shenzhen FeiMa International Supply Chain Co.,Ltd",广东省深圳市福田区深南大道7008号阳光高尔夫大厦26楼2601室,2210,飞马国际
002211,宏达新材,江苏宏达新材料股份有限公司,"Jiangsu Hongda New Material Co., Ltd.",江苏省扬中市明珠广场,2211,宏达新材
002212,南洋股份,广东南洋电缆集团股份有限公司,"Guang Dong Nan Yang Cable Group Holding Co.,Ltd",广东省汕头市珠津工业区珠津二街1号,2212,南洋股份
002213,特 尔 佳,深圳市特尔佳科技股份有限公司,"Shenzhen Terca Technology Co., LTD",广东省深圳市南山区科技中二路深圳软件园12#楼301,2213,特 尔 佳
002214,大立科技,浙江大立科技股份有限公司,Zhejiang Dali Technology CO.，LTD,浙江省杭州市滨江区滨康路639号,2214,大立科技
002215,诺 普 信,深圳诺普信农化股份有限公司,"SHENZHEN NOPOSION AGROCHEMICALS CO.,LTD.",广东省深圳市宝安区西乡水库路113号,2215,诺 普 信
002216,三全食品,三全食品股份有限公司,"SANQUAN FOOD CO.,LTD",河南省郑州市综合投资区长兴路中段,2216,三全食品
002217,联合化工,山东联合化工股份有限公司,"SHANDONG LIAHERD CHEMICAL INDUSTRY CO.,LTD",山东省沂源县城东风路36号,2217,联合化工
002218,拓日新能,深圳市拓日新能源科技股份有限公司,"SHENZHEN TOPRAYSOLAR CO., LTD.",广东省深圳市南山区侨城北路香年广场[南区]主楼（A座）栋―座8层802、803、804号房,2218,拓日新能
002219,恒康医疗,恒康医疗集团股份有限公司,"Hengkang medical Group Co.,LTD.",甘肃省康县王坝独一味工业园区,2219,恒康医疗
002220,天宝股份,大连天宝绿色食品股份有限公司,"Dalian Tianbao Green Foods Co., Ltd.",辽宁省大连市金州区拥政街道三里村624号,2220,天宝股份
002221,东华能源,东华能源股份有限公司,"ORIENTAL ENERGY CO., LTD.",江苏省张家港保税区出口加工区东华路668号,2221,东华能源
002222,福晶科技,福建福晶科技股份有限公司,CASTECH Inc.,福建省福州市鼓楼区软件大道89号福州软件园F区9号楼,2222,福晶科技
002223,鱼跃医疗,江苏鱼跃医疗设备股份有限公司,"JIANGSU YUYUE MEDICAL EQUIPMENT & SUPPLY CO., LTD.",江苏省丹阳市云阳工业园(振新路南),2223,鱼跃医疗
002224,三 力 士,三力士股份有限公司,"Sanlux Co.,Ltd.",浙江省绍兴县柯岩街道余渚村,2224,三 力 士
002225,濮耐股份,濮阳濮耐高温材料（集团）股份有限公司,"Puyang Refractories Group Co., Ltd",河南省濮阳县西环路中段,2225,濮耐股份
002226,江南化工,安徽江南化工股份有限公司,"ANHUI JIANGNAN CHEMICAL INDUSTRY CO.,LTD.",安徽省宁国市港口镇分界山,2226,江南化工
002227,奥 特 迅,深圳奥特迅电力设备股份有限公司,"SHENZHEN AUTO ELECTRIC POWER PLANT CO., LTD.",广东省深圳市南山区高新南一道29号厂房南座二层D区,2227,奥 特 迅
002228,合兴包装,厦门合兴包装印刷股份有限公司,"Xiamen Hexing Packaging Printing Co.,Ltd",福建省厦门市同安区同集北路556号,2228,合兴包装
002229,鸿博股份,鸿博股份有限公司,"HONGBO CO.,LTD.",福建省福州市金山开发区金达路136号,2229,鸿博股份
002230,科大讯飞,安徽科大讯飞信息科技股份有限公司,"ANHUI USTC iFLYTEK CO.,LTD",安徽省合肥市高新开发区望江西路666号,2230,科大讯飞
002231,奥维通信,奥维通信股份有限公司,"ALLWIN TELECOMMUNICATION CO., Ltd.",辽宁省沈阳市浑南新区高歌路6号,2231,奥维通信
002232,启明信息,启明信息技术股份有限公司,"QiMing Information Technology Co.,Ltd",吉林省长春净月经济开发区福祉大路1016号,2232,启明信息
002233,塔牌集团,广东塔牌集团股份有限公司,"Guangdong Tapai Group Co., Ltd",广东省梅州市蕉岭县蕉城镇（塔牌大厦）,2233,塔牌集团
002234,民和股份,山东民和牧业股份有限公司,"SHANDONG MINHE ANIMAL HUSBANDRY CO,.LTD",山东省烟台蓬莱市西郊,2234,民和股份
002235,安妮股份,厦门安妮股份有限公司,Xiamen Anne Corporation Limited,福建省厦门市集美区杏林锦园南路99号,2235,安妮股份
002236,大华股份,浙江大华技术股份有限公司,"Zhejiang Dahua Technology Co.,Ltd.",浙江省杭州市滨江区滨安路1187号,2236,大华股份
002237,恒邦股份,山东恒邦冶炼股份有限公司,"Shandong Humon Smelting Co., Ltd.",山东省烟台市牟平区水道镇,2237,恒邦股份
002238,天威视讯,深圳市天威视讯股份有限公司,"SHENZHEN TOPWAY VIDEO COMMUNICATION CO., LTD.",广东省深圳市福田区彩田路6001号,2238,天威视讯
002239,金 飞 达,江苏金飞达服装股份有限公司,"Jiangsu Kingfield Garments Co.,Ltd.",江苏省南通高新技术产业开发区文昌路666号,2239,金 飞 达
002240,威华股份,广东威华股份有限公司,GUANGDONG WEIHUA CORPORATION,广东省梅州市梅县西阳镇龙坑村,2240,威华股份
002241,歌尔声学,歌尔声学股份有限公司,GoerTek Inc.,山东省潍坊高新技术产业开发区东方路268号,2241,歌尔声学
002242,九阳股份,九阳股份有限公司,Joyoung Company Limited,山东省济南市槐荫区美里路999号,2242,九阳股份
002243,通产丽星,深圳市通产丽星股份有限公司,"Shenzhen Beautystar Co., Ltd",广东省深圳市龙岗区龙岗大道(坪地段)1001号,2243,通产丽星
002244,滨江集团,杭州滨江房产集团股份有限公司,"Hangzhou Binjiang Real Estate Group Co.,Ltd.",浙江省杭州市庆春东路38号,2244,滨江集团
002245,澳洋顺昌,江苏澳洋顺昌股份有限公司,"JIANGSU AUCKSUN Co., Ltd.",江苏省张家港市杨舍镇新泾中路10号,2245,澳洋顺昌
002246,北化股份,四川北方硝化棉股份有限公司,SICHUAN NITROCELL CO.，LTD,四川省泸州市高坝,2246,北化股份
002247,帝龙新材,浙江帝龙新材料股份有限公司,"Zhejiang Dilong New Material Co.,Ltd.",浙江省临安市玲珑街道玲珑工业区环南路1958号,2247,帝龙新材
002248,华东数控,威海华东数控股份有限公司,"WEIHAI HUADONG AUTOMATION CO.,LTD",山东省威海经济技术开发区环山路698号,2248,华东数控
002249,大洋电机,中山大洋电机股份有限公司,"ZHONGSHAN BROAD-OCEAN MOTOR CO.,LTD",广东省中山市西区沙朗第三工业区,2249,大洋电机
002250,联化科技,联化科技股份有限公司,"LIANHE CHEMICAL TECHNOLOGY CO.,LTD.",浙江省台州市黄岩区江口经济开发区永椒路8号,2250,联化科技
002251,步 步 高,步步高商业连锁股份有限公司,"Better Life Commercial Chain Share Co.,Ltd",湖南省湘潭市韶山西路309号步步高大厦,2251,步 步 高
002252,上海莱士,上海莱士血液制品股份有限公司,"Shanghai RAAS Blood Products Co.,Ltd.",上海市奉贤区望园路2009号,2252,上海莱士
002253,川大智胜,四川川大智胜软件股份有限公司,"Wisesoft Co.,Ltd.",四川省成都市武科东一路七号,2253,川大智胜
002254,泰和新材,烟台泰和新材料股份有限公司,"YANTAI TAYHO ADVANCED MATERIALS CO.,LTD.",山东省烟台经济技术开发区黑龙江路10号,2254,泰和新材
002255,海陆重工,苏州海陆重工股份有限公司,"Suzhou Hailu Heavy Industry Co., Ltd",江苏省张家港市人民西路1号,2255,海陆重工
002256,彩虹精化,深圳市彩虹精细化工股份有限公司,"SHENZHEN RAINBOW FINE CHEMICAL INDUSTRY CO., LTD.",广东省深圳市宝安区石岩镇上屋彩虹工业城,2256,彩虹精化
002258,利尔化学,利尔化学股份有限公司,"Lier Chemical Co.,LTD",四川省绵阳经济技术开发区,2258,利尔化学
002259,升达林业,四川升达林业产业股份有限公司,"SICHUAN SHENGDA FORESTRY INDUSTRY CO., LTD",四川省成都市锦江区东华正街42号,2259,升达林业
002260,伊 立 浦,广东伊立浦电器股份有限公司,"Guangdong Elecpro Electric Appliance Holding Co., Ltd.",广东省佛山市南海区松岗松夏工业园工业大道西,2260,伊 立 浦
002261,拓维信息,拓维信息系统股份有限公司,"TALKWEB INFORMATION SYSTEM CO.,LTD.",湖南省长沙市岳麓区桐梓坡西路298号,2261,拓维信息
002262,恩华药业,江苏恩华药业股份有限公司,Jiangsu Nhwa Pharmaceutical Co.，LTD,江苏省徐州市中山北路289号,2262,恩华药业
002263,大 东 南,浙江大东南股份有限公司,"Zhejiang Great Southeast Co.,Ltd",浙江省诸暨市城西工业区,2263,大 东 南
002264,新 华 都,新华都购物广场股份有限公司,"NEW HUA DU SUPERCENTER CO.,LTD.",福建省厦门市思明区吕岭路2号14C室,2264,新 华 都
002265,西仪股份,云南西仪工业股份有限公司,"YUNNAN XIYI INDUSTRY CO., LTD.",云南省昆明市西山区海口镇山冲,2265,西仪股份
002266,浙富控股,浙富控股集团股份有限公司,"ZHEFU HOLDING GROUP CO.,LTD.",浙江省桐庐经济开发区梅林路699号B幢206室,2266,浙富控股
002267,陕天然气,陕西省天然气股份有限公司,"ShaanXi Provincial Natural Gas Co.,Ltd.",陕西省西安经济技术开发区A1区开元路2号,2267,陕天然气
002268,卫 士 通,成都卫士通信息产业股份有限公司,"CHENGDU WESTONE INFORMATION INDUSTRY CO., LTD.",四川省成都高新技术产业开发区云华路333号,2268,卫 士 通
002269,美邦服饰,上海美特斯邦威服饰股份有限公司,"Shanghai Metersbonwe Fashion & Accessories Co., Ltd",上海市浦东新区康桥镇康桥东路800号,2269,美邦服饰
002270,法因数控,山东法因数控机械股份有限公司,"SHANDONG FIN CNC MACHINE CO.,LTD.",山东省济南市天辰大街389号,2270,法因数控
002271,东方雨虹,北京东方雨虹防水技术股份有限公司,"Beijing Oriental Yuhong Waterproof Technology Co.,Ltd.",北京市顺义区顺平路沙岭段甲2号,2271,东方雨虹
002272,川润股份,四川川润股份有限公司,"SICHUAN CRUN CO., LTD",四川省自贡市高新工业园区荣川路1号,2272,川润股份
002273,水晶光电,浙江水晶光电科技股份有限公司,"Zhejiang Crystal-Optech Co.,Ltd.",浙江省台州市椒江区星星电子产业区A5号,2273,水晶光电
002274,华昌化工,江苏华昌化工股份有限公司,JIANSU HUACHANG CHEMICAL CO.，LTD,江苏省张家港市金港镇保税区扬子江国际化学工业园南海路1号,2274,华昌化工
002275,桂林三金,桂林三金药业股份有限公司,"Guilin Sanjin Pharmaceutical Co.,Ltd",广西壮族自治区桂林市金星路1号,2275,桂林三金
002276,万马电缆,浙江万马电缆股份有限公司,"Zhejiang Wanma Cable Co., Ltd",浙江省临安经济开发区南环路88号,2276,万马电缆
002277,友阿股份,湖南友谊阿波罗商业股份有限公司,"Hunan Friendship&Apollo Commercial Co.,Ltd.",湖南省长沙市芙蓉区八一路1号,2277,友阿股份
002278,神开股份,上海神开石油化工装备股份有限公司,Shanghai SK Petroleum & Chemical Equipment Corporation Ltd,上海市闵行区浦星公路1769号,2278,神开股份
002279,久其软件,北京久其软件股份有限公司,"Beijing Join-Cheer Software Co.,Ltd.",北京市海淀区大慧寺路5号3号楼3层,2279,久其软件
002280,新世纪,杭州新世纪信息技术股份有限公司,"HANGZHOU NEW CENTURY INFORMATION TECHNOLOGY CO.,LTD",浙江省杭州市滨江区南环路3766号,2280,新世纪
002281,光迅科技,武汉光迅科技股份有限公司,"ACCELINK TECHNOLOGIES CO.,LTD.",湖北省武汉市洪山区邮科院路88号,2281,光迅科技
002282,博深工具,博深工具股份有限公司,"BOSUN TOOLS Co.,Ltd.",河北省石家庄高新技术产业开发区海河道10号,2282,博深工具
002283,天润曲轴,天润曲轴股份有限公司,"Tianrun Crankshaft Co.,Ltd.",山东省文登市天润路2-13号,2283,天润曲轴
002284,亚太股份,浙江亚太机电股份有限公司,"ZHEJIANG ASIA-PACIFIC MECHANICAL & ELECTRONIC CO.,LTD",浙江省杭州市萧山区蜀山街道亚太路1399号,2284,亚太股份
002285,世联行,深圳世联行地产顾问股份有限公司,Shenzhen WorldUnion Properties Consultancy Incorporated,广东省深圳市罗湖区深南东路2028号罗湖商务中心12楼,2285,世联行
002286,保龄宝,保龄宝生物股份有限公司,"BAOLINGBAO BIOLOGY CO.,LTD.",山东省禹城高新开发区东外环路1号,2286,保龄宝
002287,奇正藏药,西藏奇正藏药股份有限公司,"Tibet Cheezheng Tibetan Medicine Co.,Ltd",西藏自治区林芝地区八一镇泉州路1号,2287,奇正藏药
002288,超华科技,广东超华科技股份有限公司,"GUANGDONG CHAOHUA TECHNOLOGY CO.,LTD.",广东省梅县雁洋镇松坪村,2288,超华科技
002289,宇顺电子,深圳市宇顺电子股份有限公司,SUCCESS ELECTRONICS LTD,广东省深圳市南山区高新区中区麻雀岭工业区M-6栋三层二区,2289,宇顺电子
002290,禾盛新材,苏州禾盛新型材料股份有限公司,"SUZHOU HESHENG SPECIAL MATERIAL CO.,LTD",江苏省苏州工业园区后戴街108号,2290,禾盛新材
002291,星期六,佛山星期六鞋业股份有限公司,"FOSHAN SATURDAY SHOES CO.,LTD",广东省佛山市南海区桂城科技园(简平路)B-3号,2291,星期六
002292,奥飞动漫,广东奥飞动漫文化股份有限公司,"Guangdong Alpha Animation and Culture Co.,Ltd.",广东省汕头市澄海区文冠路中段奥迪工业园,2292,奥飞动漫
002293,罗莱家纺,罗莱家纺股份有限公司,"LUOLAI HOME TEXTILE CO.,LTD",江苏省南通市经济技术开发区星湖大道1699号,2293,罗莱家纺
002294,信立泰,深圳信立泰药业股份有限公司,"Shenzhen Salubris Pharmaceuticals Co.,Ltd",广东省深圳市福田区深南大道6009号车公庙绿景广场主楼37层,2294,信立泰
002295,精艺股份,广东精艺金属股份有限公司,"Guangdong Jingyi Metal Co.,Ltd.",广东省佛山市顺德区北滘镇西海工业区,2295,精艺股份
002296,辉煌科技,河南辉煌科技股份有限公司,"HeNan Splendor Science&Technology Co.,Ltd.",河南省郑州市高新技术产业开发区重阳街74号,2296,辉煌科技
002297,博云新材,湖南博云新材料股份有限公司,"HUNAN BOYUN NEW MATERIALS Co.,Ltd.",湖南省长沙市岳麓区高新技术产业开发区麓松路500号,2297,博云新材
002298,鑫龙电器,安徽鑫龙电器股份有限公司,"ANHUI XINLONG ELECTRICAL CO.,LTD.",安徽省芜湖市经济技术开发区电器部件工业园(九华北路118号),2298,鑫龙电器
002299,圣农发展,福建圣农发展股份有限公司,"Fujian Sunner Development Co., Ltd.",福建省光泽县十里铺圣农总部办公大楼,2299,圣农发展
002300,太阳电缆,福建南平太阳电缆股份有限公司,"Fujian Nanping Sun Cable CO.,LTD.",福建省南平市工业路102号,2300,太阳电缆
002301,齐心文具,深圳市齐心文具股份有限公司,"SHENZHEN COMIX STATIONERY CO.,LTD.",广东省深圳市福田区福虹路世贸广场A幢17楼05-06号,2301,齐心文具
002302,西部建设,中建西部建设股份有限公司,"China West Construction Group Co.,ltd",新疆维吾尔自治区乌鲁木齐市经济技术开发区泰山路268号,2302,西部建设
002303,美盈森,深圳市美盈森环保科技股份有限公司,Shenzhen MYS Environmental Protection & Technology Company Ltd.,广东省深圳市光明新区光明新陂头村美盈森厂区A栋,2303,美盈森
002304,洋河股份,江苏洋河酒厂股份有限公司,"Jiangsu Yanghe Brewery Joint-Stock Co.,Ltd.",江苏省宿迁市洋河镇中大街118号,2304,洋河股份
002305,南国置业,武汉南国置业股份有限公司,"WUHAN LANGOLD REAL ESTATE CO.,LTD.",湖北省武汉市武昌区南湖中央花园会所,2305,南国置业
002306,湘鄂情,北京湘鄂情集团股份有限公司,"Beijing Xiangeqing Group Co.,ltd.",北京市海淀区定慧寺甲2号一层、二层,2306,湘鄂情
002307,北新路桥,新疆北新路桥集团股份有限公司,"Xinjiang Beixin Road & Bridge Group Co., Ltd.",新疆维吾尔自治区乌鲁木齐市高新区高新街217号盈科广场A座16-17层,2307,北新路桥
002308,威创股份,广东威创视讯科技股份有限公司,VTRON TECHNOLOGIES LTD.,广东省广州高新技术产业开发区科珠路233号,2308,威创股份
002309,中利科技,中利科技集团股份有限公司,"Zhongli Science And Technology Group Co.,Ltd",江苏省常熟东南经济开发区,2309,中利科技
002310,东方园林,北京东方园林股份有限公司,"Beijing Orient Landscape Co.,Ltd.",北京市朝阳区酒仙桥北路甲10号院104号楼,2310,东方园林
002311,海大集团,广东海大集团股份有限公司,"Guangdong Haid Group Co.,Limited",广东省广州市番禺区南村镇南村村北大街18号之六,2311,海大集团
002312,三泰电子,成都三泰电子实业股份有限公司,"Chengdu Santai Electronics Industry Co.,Ltd.",四川省成都市金牛区高科技产业园区蜀西路42号,2312,三泰电子
002313,日海通讯,深圳日海通讯技术股份有限公司,"Sunsea Telecommunications Co.,Ltd.",广东省深圳市南山区科苑路清华信息港综合楼一层107号,2313,日海通讯
002314,雅致股份,雅致集成房屋股份有限公司,"Yahgee Modular House Co.,Ltd.",广东省深圳市南山区高新区南区科技南十二路007号九洲电器大厦五楼A室,2314,雅致股份
002315,焦点科技,焦点科技股份有限公司,"Focus Technology Co.,Ltd.",江苏省南京市高新开发区星火路软件大厦A座12F,2315,焦点科技
002316,键桥通讯,深圳键桥通讯技术股份有限公司,"SHENZHEN KEYBRIDGE COMMUNICATIONS CO.,LTD.",广东省深圳市南山区深南路高新技术工业村R3A-6层,2316,键桥通讯
002317,众生药业,广东众生药业股份有限公司,"Guangdong Zhongsheng Pharmaceutical Co.,Ltd.",广东省东莞市石龙镇西湖工业区信息产业园,2317,众生药业
002318,久立特材,浙江久立特材科技股份有限公司,"Zhejiang JIULI Hi-tech Metals Co.,Ltd.",浙江省湖州市双林镇镇西,2318,久立特材
002319,乐通股份,珠海市乐通化工股份有限公司,"LETONG CHEMICAL CO.,LTD.",广东省珠海市金鼎官塘乐通工业园,2319,乐通股份
002320,海峡股份,海南海峡航运股份有限公司,"HAINAN STRAIT SHIPPING CO.,LTD.",海南省海口市滨海大道东方洋大厦第七层,2320,海峡股份
002321,华英农业,河南华英农业发展股份有限公司,"Henan Huaying Agricultural Development Co., Ltd.",河南省潢川县跃进东路308号,2321,华英农业
002322,理工监测,宁波理工监测科技股份有限公司,"Ningbo Ligong Online Monitoring Technology Co.,Ltd",浙江省宁波市保税区曹娥江路22号,2322,理工监测
002323,中联电气,江苏中联电气股份有限公司,"JiangSu ZhongLian Electric Co.,Ltd",江苏省盐城市青年西路88号,2323,中联电气
002324,普利特,上海普利特复合材料股份有限公司,"SHANGHAI PRET COMPOSITES CO.,LTD.",上海市四平路421弄20号2楼,2324,普利特
002325,洪涛股份,深圳市洪涛装饰股份有限公司,"SHENZHEN HONGTAO DECORATION CO.,LTD.",广东省深圳市罗湖区泥岗西洪涛路17号,2325,洪涛股份
002326,永太科技,浙江永太科技股份有限公司,"Zhejiang Yongtai Technology Co.,Ltd.",浙江省化学原料药基地临海园区,2326,永太科技
002327,富安娜,深圳市富安娜家居用品股份有限公司,"Shenzhen Fuanna Bedding and Furnishing Co.,Ltd.",广东省深圳市南山区创业南油大道西路自行车加工厂1栋,2327,富安娜
002328,新朋股份,上海新朋实业股份有限公司,"SHANGHAI XINPENG INDUSTRY CO.,LTD.",上海市青浦区嘉松中路518号,2328,新朋股份
002329,皇氏乳业,广西皇氏甲天下乳业股份有限公司,"Guangxi Royal Dairy Co., Ltd.",广西壮族自治区南宁市科园大道66号,2329,皇氏乳业
002330,得利斯,山东得利斯食品股份有限公司,"Shandong Delisi Food Co.,Ltd.",山东省诸城市昌城镇驻地,2330,得利斯
002331,皖通科技,安徽皖通科技股份有限公司,"Anhui Wantong Technology Co.,Ltd.",安徽省合肥市高新区皖水路589号,2331,皖通科技
002332,仙琚制药,浙江仙琚制药股份有限公司,"ZHEJIANG XIANJU PHARMACEUTICAL CO., LTD.",浙江省仙居县仙药路1号,2332,仙琚制药
002333,罗普斯金,苏州罗普斯金铝业股份有限公司,"Suzhou Lopsking Aluminum CO., Ltd.",江苏省苏州市相城区黄埭镇潘阳工业园内,2333,罗普斯金
002334,英威腾,深圳市英威腾电气股份有限公司,"SHENZHEN INVT ELECTRIC CO., LTD.",广东省深圳市南山区龙井高发科技工业园4号厂房,2334,英威腾
002335,科华恒盛,厦门科华恒盛股份有限公司,"XIAMEN KEHUA HENGSHENG CO., LTD.",福建省厦门市火炬高新区火炬园光业楼第三层东单元,2335,科华恒盛
002336,人人乐,人人乐连锁商业集团股份有限公司,"RENRENLE COMMERCIAL GROUP CO.,LTD.",广东省深圳市南山区前海路心语家园裙楼二层,2336,人人乐
002337,赛象科技,天津赛象科技股份有限公司,"TIANJIN SAIXIANG TECHNOLOGY CO.,LTD",天津市华苑新技术产业园区(环外)海泰发展四道9号,2337,赛象科技
002338,奥普光电,长春奥普光电技术股份有限公司,"Changchun Up Optotech Co., Ltd.",吉林省长春市经济技术开发区营口路588号,2338,奥普光电
002339,积成电子,积成电子股份有限公司,"Integrated Electronic Systems Lab Co. , Ltd.",山东省济南市科航路1677号,2339,积成电子
002340,格林美,深圳市格林美高新技术股份有限公司,"Shenzhen Green Eco-manufacture Hi-tech Co.,Ltd.",广东省深圳市宝安区宝安中心区兴华路南侧荣超滨海大厦A栋20层2008号房,2340,格林美
002341,新纶科技,深圳市新纶科技股份有限公司,"SHENZHEN SELEN SCIENCE & TECHNOLOGY CO.,LTD.",广东省深圳市南山区麒麟路1号南山知识服务大楼314-315室,2341,新纶科技
002342,巨力索具,巨力索具股份有限公司,"JULI SLING CO.,LTD.",河北省保定市徐水县巨力路,2342,巨力索具
002343,禾欣股份,浙江禾欣实业集团股份有限公司,"ZHEJIANG HEXIN INDUSTRY GROUP Co.,Ltd",浙江省嘉兴市城东路435号,2343,禾欣股份
002344,海宁皮城,海宁中国皮革城股份有限公司,"Haining China Leather Market Co.,Ltd",浙江省海宁市海州西路201号,2344,海宁皮城
002345,潮宏基,广东潮宏基实业股份有限公司,"GUANGDONG CHJ INDUSTRY CO., LTD.",广东省汕头市龙湖区龙新工业区龙新五街四号1-4楼,2345,潮宏基
002346,柘中建设,上海柘中建设股份有限公司,"Shanghai Zhezhong Construction Co.,Ltd",上海市奉贤区浦卫公路50号,2346,柘中建设
002347,泰尔重工,泰尔重工股份有限公司,"Taier Heavy Industry Co., Ltd.",安徽省马鞍山市经济技术开发区超山路669号,2347,泰尔重工
002348,高乐股份,广东高乐玩具股份有限公司,"Goldlok Toys Holdings (GuangDong) Co.,Ltd",广东省普宁市占陇加工区振如大厦,2348,高乐股份
002349,精华制药,精华制药集团股份有限公司,"NANTONG JINGHUA PHARMACEUTICAL CO., LTD.",江苏省南通市港闸经济开发区兴泰路9号,2349,精华制药
002350,北京科锐,北京科锐配电自动化股份有限公司,"Beijing Creative Distribution Automation Co.,LTD",北京市海淀区上地创业路8号3号楼4层,2350,北京科锐
002351,漫步者,深圳市漫步者科技股份有限公司,"Edifier Technology Co.,Ltd.",广东省深圳市光明新区公明街道别墅路公明商会大厦301,2351,漫步者
002352,鼎泰新材,马鞍山鼎泰稀土新材料股份有限公司,"Maanshan Dingtai Rare Earth & New Material Co., Ltd.",安徽省马鞍山市当涂工业园,2352,鼎泰新材
002353,杰瑞股份,烟台杰瑞石油服务集团股份有限公司,"Yantai Jereh Oilfield Services Group Co., Ltd.",山东省烟台市莱山区杰瑞路5号,2353,杰瑞股份
002354,科冕木业,大连科冕木业股份有限公司,"Dalian Kemian Wood Industry Co., Ltd.",辽宁省大连庄河市经济开发区,2354,科冕木业
002355,兴民钢圈,山东兴民钢圈股份有限公司,"Shandong Xingmin Wheel Co., Ltd.",山东省龙口市龙口经济开发区,2355,兴民钢圈
002356,浩宁达,深圳浩宁达仪表股份有限公司,"Shenzhen Haoningda Meters Co.,LTD.",广东省深圳市南山区侨香路东方科技园华科大厦六楼,2356,浩宁达
002357,富临运业,四川富临运业集团股份有限公司,"Sichuan Fulin Transportation Group CO., LTD.",四川省绵阳市绵州大道北段98号,2357,富临运业
002358,森源电气,河南森源电气股份有限公司,"Henan Senyuan Electric Co.,Ltd",河南省长葛市魏武路南段西侧,2358,森源电气
002359,齐星铁塔,山东齐星铁塔科技股份有限公司,"SHANDONG QIXING IRON TOWER CO., LTD.",山东省邹平县开发区会仙二路,2359,齐星铁塔
002360,同德化工,山西同德化工股份有限公司,"SHANXI TOND CHEMICAL CO.,LTD.",山西省河曲县文笔镇焦尾城大茂口,2360,同德化工
002361,神剑股份,安徽神剑新材料股份有限公司,"Anhui Shenjian New Materials Co.,Ltd",安徽省芜湖经济技术开发区桥北工业园保顺路8号,2361,神剑股份
002362,汉王科技,汉王科技股份有限公司,"Hanwang Technology Co.,Ltd.",北京市海淀区东北旺西路8号5号楼三层,2362,汉王科技
002363,隆基机械,山东隆基机械股份有限公司,"SHANDONG LONGJI MACHINERY CO.,LTD.",山东省龙口市外向型经济开发区,2363,隆基机械
002364,中恒电气,杭州中恒电气股份有限公司,"HANGZHOU ZHONGHENG ELECTRIC Co., Ltd.",浙江省杭州市高新区之江科技工业园东信大道69号,2364,中恒电气
002365,永安药业,潜江永安药业股份有限公司,"QIANJIANG YONGAN PHARMACEUTICAL CO.,LTD.",湖北省潜江市泽口经济开发区竹泽路16号,2365,永安药业
002366,丹甫股份,四川丹甫制冷压缩机股份有限公司,"SICHUAN DANFU COMPRESSOR CO.,LTD",四川省青神县黑龙镇,2366,丹甫股份
002367,康力电梯,康力电梯股份有限公司,"CANNY ELEVATOR CO., LTD.",江苏省汾湖高新技术产业开发区康力大道888号,2367,康力电梯
002368,太极股份,太极计算机股份有限公司,Taiji Computer Corporation Limited,北京市海淀区北四环中路211号,2368,太极股份
002369,卓翼科技,深圳市卓翼科技股份有限公司,"SHENZHEN ZOWEE TECHNOLOGY CO.,LTD",广东省深圳市南山区西丽民企科技工业园5栋,2369,卓翼科技
002370,亚太药业,浙江亚太药业股份有限公司,"Zhejiang Yatai Pharmaceutical Co.,Ltd.",浙江省绍兴市柯桥区云集路1152号,2370,亚太药业
002371,七星电子,北京七星华创电子股份有限公司,"Beijing Sevenstar Electronics Co.,Ltd.",北京市朝阳区酒仙桥东路1号,2371,七星电子
002372,伟星新材,浙江伟星新型建材股份有限公司,"Zhejiang Weixing New Building Materials Co.,Ltd.",浙江省临海经济开发区,2372,伟星新材
002373,*ST联信,北京联信永益科技股份有限公司,SureKAM Corporation,北京市海淀区中关村南大街甲8号10层1002号,2373,*ST联信
002374,丽鹏股份,山东丽鹏股份有限公司,"SHANDONG LIPENG CO.,LTD",山东省烟台市牟平区姜格庄街道办事处丽鹏路1号,2374,丽鹏股份
002375,亚厦股份,浙江亚厦装饰股份有限公司,"ZHEJIANG YASHA DECORATION CO.,LTD.",浙江省上虞市章镇工业新区,2375,亚厦股份
002376,新北洋,山东新北洋信息技术股份有限公司,"Shandong New Beiyang Information Technology Co.,Ltd.",山东省威海市火炬高技术产业开发区火炬路169号,2376,新北洋
002377,国创高新,湖北国创高新材料股份有限公司,"Hubei Guochuang Hi-Tech Material Co.,Ltd",湖北省武汉市东湖开发区华光大道18号,2377,国创高新
002378,章源钨业,崇义章源钨业股份有限公司,"Chongyi Zhangyuan Tungsten Co., Ltd.",江西省赣州市崇义县城塔下,2378,章源钨业
002379,鲁丰环保,鲁丰环保科技股份有限公司,"Loften Environmental Technology Co.,Ltd",山东省博兴县滨博大街1568号,2379,鲁丰环保
002380,科远股份,南京科远自动化集团股份有限公司,"Nanjing Keyuan Automatic Corporation Co.,Ltd",江苏省南京市江宁区秣陵街道清水亭东路1266号,2380,科远股份
002381,双箭股份,浙江双箭橡胶股份有限公司,"ZHEJIANG DOUBLE ARROW RUBBER CO., LTD.",浙江省桐乡市洲泉镇晚村,2381,双箭股份
002382,蓝帆股份,山东蓝帆塑胶股份有限公司,"SHANDONG BLUE SAIL PLASTIC & RUBBER CO.,LTD.",山东省淄博市齐鲁化学工业区清田路21号,2382,蓝帆股份
002383,合众思壮,北京合众思壮科技股份有限公司,"Beijing UniStrong Science&Technology Co.,Ltd.",北京市海淀区知春路118号知春大厦1501室,2383,合众思壮
002384,东山精密,苏州东山精密制造股份有限公司,"Suzhou Dongshan Precision manufacturing Co., Ltd",江苏省苏州市吴中区东山上湾村,2384,东山精密
002385,大北农,北京大北农科技集团股份有限公司,"Beijing DBN Technology Group Co.,Ltd",北京市海淀区中关村大街27号中关村大厦14层,2385,大北农
002386,天原集团,宜宾天原集团股份有限公司,"YIBIN TIANYUAN GROUP CO., LTD.",四川省宜宾市下江北,2386,天原集团
002387,黑牛食品,黑牛食品股份有限公司,"BLACKCOW FOOD CO.,LTD.",广东省汕头市潮汕路金园工业城内9A5A6,2387,黑牛食品
002388,新亚制程,深圳市新亚电子制程股份有限公司,"Shenzhen Sunyes Electronic Manufacturing Holding Co.,Ltd",广东省深圳市福田区益田路6003号荣超商务中心A座9楼,2388,新亚制程
002389,南洋科技,浙江南洋科技股份有限公司,"Zhejiang Nanyang Technology Co., Ltd.",浙江省台州市开发区开发大道388号,2389,南洋科技
002390,信邦制药,贵州信邦制药股份有限公司,"Guizhou Xinbang Pharmaceutical Co.,Ltd.",贵州省罗甸县龙坪镇解放路96号,2390,信邦制药
002391,长青股份,江苏长青农化股份有限公司,"JIANGSU CHANGQING AGROCHEMICAL CO.,LTD",江苏省江都市浦头镇江灵路1号,2391,长青股份
002392,北京利尔,北京利尔高温材料股份有限公司,"BEIJING LIER HIGH-TEMPERATURE MATERIALS CO., LTD.",北京市昌平区小汤山镇小汤山工业园4号楼,2392,北京利尔
002393,力生制药,天津力生制药股份有限公司,"TIANJIN LISHENG PHARMACEUTICAL CO.,LTD",天津市西青经济技术开发区赛达北一道16号,2393,力生制药
002394,联发股份,江苏联发纺织股份有限公司,Jiangsu lianfa textile Co.Ltd.,江苏省南通市海安县城东镇恒联路88号,2394,联发股份
002395,双象股份,无锡双象超纤材料股份有限公司,"WUXI DOUBLE ELEPHANT MICRO FIBRE MATERIAL CO.,LTD",江苏省无锡市新区鸿山街道后宅中路,2395,双象股份
002396,星网锐捷,福建星网锐捷通讯股份有限公司,"Fujian Star-net Communication Co.,Ltd.",福建省福州市仓山区金山大道618号桔园洲星网锐捷科技园19-22栋,2396,星网锐捷
002397,梦洁家纺,湖南梦洁家纺股份有限公司,"Hunan Mendale Hometextile Co.,LTD",湖南省长沙市高新技术产业开发区麓谷产业基地谷苑路168号,2397,梦洁家纺
002398,建研集团,厦门市建筑科学研究院集团股份有限公司,"XIAMEN ACADEMY OF BUILDING RESEARCH GROUP CO.,LTD.",福建省厦门市思明区湖滨南路62号,2398,建研集团
002399,海普瑞,深圳市海普瑞药业股份有限公司,"SHENZHEN HEPALINK PHARMACEUTICAL CO.,LTD.",广东省深圳市南山区松坪山郎山路21号,2399,海普瑞
002400,省广股份,广东省广告股份有限公司,"Guangdong Advertising CO.,Ltd.",广东省广州市越秀区东风东路745号之二,2400,省广股份
002401,中海科技,中海网络科技股份有限公司,"China Shipping Network Technology Co., Ltd.",上海市浦东新区民生路600号,2401,中海科技
002402,和而泰,深圳和而泰智能控制股份有限公司,"Shenzhen H&T Intelligent Control Co.,Ltd.",广东省深圳市南山区高新南区科技南十路6号深圳航天科技创新研究院大厦D座10楼,2402,和而泰
002403,爱仕达,浙江爱仕达电器股份有限公司,"ZHEJIANG AISHIDA ELECTRIC CO., LTD.",浙江省温岭市经济开发区科技路2号,2403,爱仕达
002404,嘉欣丝绸,浙江嘉欣丝绸股份有限公司,"Zhejiang Jiaxin Silk Corp.,Ltd",浙江省嘉兴市中环西路588号,2404,嘉欣丝绸
002405,四维图新,北京四维图新科技股份有限公司,"NavInfo Co.,Ltd.",北京市海淀区学院路7号弘彧大厦10层1002A室,2405,四维图新
002406,远东传动,许昌远东传动轴股份有限公司,"Xuchang Yuandong Drive Shaft CO.,Ltd.",河南省许昌市北郊尚集镇,2406,远东传动
002407,多氟多,多氟多化工股份有限公司,"Do-Fluoride Chemicals Co., Ltd",河南省焦作市中站区焦克路,2407,多氟多
002408,齐翔腾达,淄博齐翔腾达化工股份有限公司,"ZIBO QIXIANG TENGDA CHEMICAL CO.,LTD.",山东省淄博市临淄区胶厂南路1号,2408,齐翔腾达
002409,雅克科技,江苏雅克科技股份有限公司,"Jiangsu Yoke Technology Co., Ltd.",江苏省无锡宜兴经济开发区荆溪北路,2409,雅克科技
002410,广联达,广联达软件股份有限公司,GLODON SOFTWARE COMPANY LIMITED.,北京市海淀区东北旺西路8号院中关村软件园甲18号楼,2410,广联达
002411,九九久,江苏九九久科技股份有限公司,"Jiangsu Jiujiujiu Technology Co.,LTD.",江苏省如东县沿海经济开发区黄海三路12号,2411,九九久
002412,汉森制药,湖南汉森制药股份有限公司,"Hunan Hansen Pharmaceutical Co.,Ltd.",湖南省益阳市银城南路龙岭工业园,2412,汉森制药
002413,常发股份,江苏常发制冷股份有限公司,"JIANGSU CHANGFA REFRIGERATION CO., LTD.",江苏省常州市武进区礼嘉镇建东村建华路南,2413,常发股份
002414,高德红外,武汉高德红外股份有限公司,"Wuhan Guide Infrared CO.,LTD",湖北省武汉市东湖开发区黄龙山南路6号,2414,高德红外
002415,海康威视,杭州海康威视数字技术股份有限公司,"HANGZHOU HIKVISION DIGITAL TECHNOLOGY CO., LTD",浙江省杭州市西湖区马塍路36号,2415,海康威视
002416,爱施德,深圳市爱施德股份有限公司,"Shenzhen Aisidi CO.,LTD.",广东省深圳市福田区泰然大道东泰然劲松大厦20F,2416,爱施德
002417,三元达,福建三元达通讯股份有限公司,"Fujian Sunnada Communication Co.,Ltd",福建省福州市鼓楼区五凤街道软件大道89号福州软件园产业基地二期7#楼,2417,三元达
002418,康盛股份,浙江康盛股份有限公司,"ZHE JIANG KANGSHENG CO.,LTD.",浙江省杭州市淳安县千岛湖镇康盛路268号,2418,康盛股份
002419,天虹商场,天虹商场股份有限公司,"RAINBOW DEPARTMENT STORE CO.,LTD.",广东省深圳市福田区福中一路1016号地铁大厦20-24楼,2419,天虹商场
002420,毅昌股份,广州毅昌科技股份有限公司,"GUANGZHOU ECHOM SCIENCE&TECHNOLOGY CO.,LTD.",广东省广州市高新技术产业开发区科学城科丰路29号,2420,毅昌股份
002421,达实智能,深圳达实智能股份有限公司,"SHENZHEN DAS INTELLITECH CO., LTD.",广东省深圳市南山区高新技术村W1栋A座5楼,2421,达实智能
002422,科伦药业,四川科伦药业股份有限公司,"SICHUAN KELUN PHARMACEUTICAL CO., LTD.",四川省成都市新都卫星城工业开发区南二路,2422,科伦药业
002423,中原特钢,中原特钢股份有限公司,"ZHONGYUAN SPECIAL STEEL CO.,LTD.",河南省济源市承留镇小寨村,2423,中原特钢
002424,贵州百灵,贵州百灵企业集团制药股份有限公司,"Guizhou Bailing Group Pharmaceutical Co., Ltd.",贵州省安顺市经济技术开发区西航大道,2424,贵州百灵
002425,凯撒股份,凯撒（中国）股份有限公司,"Kaiser (China) Holding Co.,LTD",广东省汕头市龙湖珠津工业区珠津一街3号凯撒工业城,2425,凯撒股份
002426,胜利精密,苏州胜利精密制造科技股份有限公司,"Suzhou Victory Precision Manufacture Co.,Ltd.",江苏省苏州市高新区浒关工业园浒泾路55号,2426,胜利精密
002427,尤夫股份,浙江尤夫高新纤维股份有限公司,"Zhejiang Unifull Industrial Fiber Co.,Ltd.",浙江省湖州市和孚镇工业园区,2427,尤夫股份
002428,云南锗业,云南临沧鑫圆锗业股份有限公司,"Yunnan Lincang Xinyuan Germanium Industry Co.,LTD",云南省临沧市临翔区忙畔街道办事处忙畔社区喜鹊窝组168号,2428,云南锗业
002429,兆驰股份,深圳市兆驰股份有限公司,"Shenzhen MTC Co.,LTD.",广东省深圳市宝安区福永街道塘尾鹏洲工业区A栋,2429,兆驰股份
002430,杭氧股份,杭州杭氧股份有限公司,"HANGZHOU HANGYANG CO.,LTD.",浙江省临安市青山湖街道东环路99号,2430,杭氧股份
002431,棕榈园林,棕榈园林股份有限公司,"PALM LANDSCAPE ARCHITECTURE CO., LTD.",广东省中山市小榄镇新华中路120号向明大厦11C,2431,棕榈园林
002432,九安医疗,天津九安医疗电子股份有限公司,"Andon Health Co.,Ltd.",天津市南开区雅安道金平路3号,2432,九安医疗
002433,太安堂,广东太安堂药业股份有限公司,"Guangdong Taiantang Pharmaceutical Co., Ltd",广东省汕头市金园工业区11R2-2片区第1、2座,2433,太安堂
002434,万里扬,浙江万里扬变速器股份有限公司,"ZHEJIANG WANLIYANG TRANSMISSION CO,. LTD.",浙江省金华市宾虹西路3999号,2434,万里扬
002435,长江润发,长江润发机械股份有限公司,"CHANG JIANG RUNFA MACHINERY CO.,LTD.",江苏省张家港市金港镇镇山东路,2435,长江润发
002436,兴森科技,深圳市兴森快捷电路科技股份有限公司,"SHENZHEN FASTPRINT CIRCUIT TECH CO.,LTD.",广东省深圳市南山区深南路科技园工业厂房25栋1段3层,2436,兴森科技
002437,誉衡药业,哈尔滨誉衡药业股份有限公司,"Harbin Gloria Pharmaceuticals Co., Ltd.",黑龙江省哈尔滨市利民经济技术开发区燕京路29号,2437,誉衡药业
002438,江苏神通,江苏神通阀门股份有限公司,"Jiangsu Shentong Valve Co., Ltd",江苏省启东市南阳镇,2438,江苏神通
002439,启明星辰,北京启明星辰信息技术股份有限公司,Beijing Venustech Inc.,北京市海淀区东北旺西路8号中关村软件园21号楼启明星辰大厦一层,2439,启明星辰
002440,闰土股份,浙江闰土股份有限公司,"Zhejiang Runtu Co.,LTD.",浙江省上虞市道墟镇称山下,2440,闰土股份
002441,众业达,众业达电气股份有限公司,"Zhongyeda Electric Co.,Ltd",广东省汕头市衡山路62号,2441,众业达
002442,龙星化工,龙星化工股份有限公司,"LONGXING CHEMICAL INDUSTRY CO., LTD.",河北省沙河市东环路龙星街1号,2442,龙星化工
002443,金洲管道,浙江金洲管道科技股份有限公司,"ZHEJIANG KINGLAND PIPELINE AND TECHNOLOGIES Co., Ltd.",浙江省湖州市东门十五里牌（318国道旁）,2443,金洲管道
002444,巨星科技,杭州巨星科技股份有限公司,"HANG ZHOU GREAT STAR INDUSTRIAL CO., LTD.",浙江省杭州市江干区九环路35号,2444,巨星科技
002445,中南重工,江阴中南重工股份有限公司,"Jiangyin Zhongnan Heavy Industries Co., Ltd.",江苏省江阴市高新技术产业开发园金山路788号,2445,中南重工
002446,盛路通信,广东盛路通信科技股份有限公司,"Guangdong Shenglu Telecommunication Tech. Co., Ltd.",广东省佛山市三水区西南工业园进业二路四号,2446,盛路通信
002447,壹桥苗业,大连壹桥海洋苗业股份有限公司,"DALIAN YI QIAO MARINE SEEDS CO.,LTD",辽宁省大连瓦房店市谢屯镇沙山村,2447,壹桥苗业
002448,中原内配,河南省中原内配股份有限公司,ZYNP Corporation.,河南省孟州市产业集聚区,2448,中原内配
002449,国星光电,佛山市国星光电股份有限公司,"Foshan NationStar Optoelectronics Co., Ltd",广东省佛山市禅城区华宝南路18号,2449,国星光电
002450,康得新,北京康得新复合材料股份有限公司,"Beijing Kangde Xin Composite Material Co.,Ltd.",江苏省张家港市环保新材料产业园晨港路北侧、港华路西侧,2450,康得新
002451,摩恩电气,上海摩恩电气股份有限公司,"SHANGHAI MORN ELECTRIC EQUIPMENT CO.,LTD",上海市浦东新区龙东大道5901号,2451,摩恩电气
002452,长高集团,湖南长高高压开关集团股份公司,"HunanChanggaoHighVoltageSwitchgerGroupCo., LTD.",湖南省高科技食品工业基地金星大道西侧,2452,长高集团
002453,天马精化,苏州天马精细化学品股份有限公司,"Suzhou Tianma Specialty Chemicals Co., Ltd.",江苏省苏州高新区浒青路122号,2453,天马精化
002454,松芝股份,上海加冷松芝汽车空调股份有限公司,"SHANGHAI JIALENG SONGZHI AUTOMOBILE AIRCONDITION CO.,LTD.",上海市莘庄工业区华宁路4999号,2454,松芝股份
002455,百川股份,无锡百川化工股份有限公司,"Wuxi Baichuan Chemical Industry Co., Ltd",江苏省江阴市云亭街道建设路55号,2455,百川股份
002456,欧菲光,深圳欧菲光科技股份有限公司,"Shenzhen O-film Tech Co.,Ltd.",广东省深圳市光明新区公明街道松白公路华发路段欧菲光科技园,2456,欧菲光
002457,青龙管业,宁夏青龙管业股份有限公司,"Ningxia Qinglong Pipes Industry Co.,LTD.",宁夏回族自治区青铜峡市河西,2457,青龙管业
002458,益生股份,山东益生种畜禽股份有限公司,"SHAN DONG YISHENG LIVESTOCK&POULTRY BREEDING CO.,LTD.",山东省烟台市芝罘区朝阳街80号,2458,益生股份
002459,*ST天业,秦皇岛天业通联重工股份有限公司,"Qinhuangdao Tianye Tolian Heavy Industry Co., Ltd.",河北省秦皇岛市经济技术开发区天山北路3号,2459,*ST天业
002460,赣锋锂业,江西赣锋锂业股份有限公司,"GANFENG LITHIUM CO.,LTD.",江西省新余市经济开发区龙腾路,2460,赣锋锂业
002461,珠江啤酒,广州珠江啤酒股份有限公司,"GUANGZHOU ZHUJIANG BREWERY CO.,LTD",广东省广州市海珠区新港东路磨碟沙大街118号,2461,珠江啤酒
002462,嘉事堂,嘉事堂药业股份有限公司,"Cachet Pharmaceutical Co., Ltd.",北京市海淀区昆明湖南路11号1号楼,2462,嘉事堂
002463,沪电股份,沪士电子股份有限公司,"WUS PRINTED CIRCUIT (KUNSHAN) CO.,LTD",江苏省昆山市黑龙江北路55号,2463,沪电股份
002464,金利科技,昆山金利表面材料应用科技股份有限公司,"KEE EVER BRIGHT DECORATIVE TECHNOLOGY CO., LTD.",江苏省昆山市经济技术开发区昆嘉路1098号,2464,金利科技
002465,海格通信,广州海格通信集团股份有限公司,GUANGZHOU HAIGE COMMUNICATIONS GROUP INCORPORATED COMPANY,广东省广州市高新技术产业开发区科学城海云路88号,2465,海格通信
002466,天齐锂业,四川天齐锂业股份有限公司,"Sichuan Tianqi Lithium Industries, Inc.",四川省射洪县太和镇城北太空村,2466,天齐锂业
002467,二六三,二六三网络通信股份有限公司,Net263 Ltd.,北京市昌平区城区镇超前路13号,2467,二六三
002468,艾迪西,浙江艾迪西流体控制股份有限公司,"Zhejiang IDC Fluid Control Co.,Ltd.",浙江省玉环县机电工业园区,2468,艾迪西
002469,三维工程,山东三维石化工程股份有限公司,"SHANDONG SUNWAY PETROCHEMICAL ENGINEERING CO.,LTD.",山东省淄博市临淄区炼厂中路22号,2469,三维工程
002470,金正大,金正大生态工程集团股份有限公司,"Kingenta Ecological Engineering Group Co., Ltd.",山东省临沭县兴大西街19号,2470,金正大
002471,中超电缆,江苏中超电缆股份有限公司,"Jiangsu Zhongchao Cable CO.,LTD.",江苏省宜兴市西郊工业园振丰东路999号,2471,中超电缆
002472,双环传动,浙江双环传动机械股份有限公司,"ZHEJIANG SHUANGHUAN DRIVELINE CO.,LTD",浙江省玉环县机电工业园区1-14号,2472,双环传动
002473,圣莱达,宁波圣莱达电器股份有限公司,"NINGBO SUNLIGHT ELECTRICAL APPLIANCE CO.,LTD.",浙江省宁波市江北区金山路298号,2473,圣莱达
002474,榕基软件,福建榕基软件股份有限公司,"Fujian Rongji Software Co., Ltd.",福建省福州市鼓楼区铜盘路福州软件园产业基地,2474,榕基软件
002475,立讯精密,立讯精密工业股份有限公司,"Luxshare Precision Industry Co.,LTD.",广东省深圳市宝安区西乡街道洲石路翻身工业厂房G1（1-3层）,2475,立讯精密
002476,宝莫股份,山东宝莫生物化工股份有限公司,"SHANDONG POLYMER BIOCHEMICALS CO.,LTD.",山东省东营市东营区西四路892号,2476,宝莫股份
002477,雏鹰农牧,雏鹰农牧集团股份有限公司,"CHUYING AGRO-PASTORAL GROUP CO.,LTD",河南省新郑市薛店镇,2477,雏鹰农牧
002478,常宝股份,江苏常宝钢管股份有限公司,"Jiangsu Changbao Steeltube Co., Ltd.",江苏省常州市延陵东路558号,2478,常宝股份
002479,富春环保,浙江富春江环保热电股份有限公司,"Zhejiang Fuchunjiang Environmental Thermoelectric Co.,LTD.",浙江省富阳市灵桥镇春永路188号,2479,富春环保
002480,新筑股份,成都市新筑路桥机械股份有限公司,"Chengdu Xinzhu Road&Bridge Machinery Co.,LTD",四川省成都市四川新津工业园区,2480,新筑股份
002481,双塔食品,烟台双塔食品股份有限公司,"YAN TAI SHUANG TA FOOD CO.,LTD,",山东省招远市金岭镇寨里,2481,双塔食品
002482,广田股份,深圳广田装饰集团股份有限公司,"SHENZHEN GRANDLAND DECORATION GROUP CO.,LTD.",广东省深圳市罗湖区沿河北路1003号京基东方都会大厦1-2层,2482,广田股份
002483,润邦股份,江苏润邦重工股份有限公司,"Jiangsu Rainbow Heavy Industries Co.,Ltd.",江苏省南通经济技术开发区振兴西路9号,2483,润邦股份
002484,江海股份,南通江海电容器股份有限公司,"Nantong Jianghai Capacitor Co.,Ltd.",江苏省南通市通州区平潮通扬南路79号,2484,江海股份
002485,希努尔,希努尔男装股份有限公司,"Sinoer Men""s Wear Co.,Ltd.",山东省诸城市东环路58号,2485,希努尔
002486,嘉麟杰,上海嘉麟杰纺织品股份有限公司,Shanghai Challenge Textile Company Limited,上海市金山区亭林镇亭枫公路1918号,2486,嘉麟杰
002487,大金重工,辽宁大金重工股份有限公司,Dajin Heavy Industry Corporation,辽宁省阜新市新邱区新邱大街155号,2487,大金重工
002488,金固股份,浙江金固股份有限公司,Zhejiang Jingu Company Limited,浙江省富阳市富春街道公园西路1181号,2488,金固股份
002489,浙江永强,浙江永强集团股份有限公司,"YOTRIO GROUP CO., LTD",浙江省临海市前江南路1号,2489,浙江永强
002490,山东墨龙,山东墨龙石油机械股份有限公司,"Shandong Molong Petroleum Machinery Co.,Ltd",山东省寿光市北环路99号,2490,山东墨龙
002491,通鼎光电,江苏通鼎光电股份有限公司,"JIANGSU TONGDING OPTIC-ELECTRONIC STOCK CO.,LTD",江苏省吴江市震泽镇八都经济开发区小平大道8号,2491,通鼎光电
002492,恒基达鑫,珠海恒基达鑫国际化工仓储股份有限公司,"Zhuhai Winbase International Chemical Tank Terminal Co., Ltd.",广东省珠海市高栏港经济区南迳湾,2492,恒基达鑫
002493,荣盛石化,荣盛石化股份有限公司,"RONGSHENG PETRO CHEMICAL CO., LTD.",浙江省杭州市萧山区益农镇红阳路98号,2493,荣盛石化
002494,华斯股份,华斯农业开发股份有限公司,HUASI AGRICULTURAL DEVELOPMENT COMPANY LIMITED,河北省肃宁县尚村镇,2494,华斯股份
002495,佳隆股份,广东佳隆食品股份有限公司,"Guangdong Jialong Food Co., Ltd.",广东省普宁市池尾工业区上寮园256幢0138号,2495,佳隆股份
002496,辉丰股份,江苏辉丰农化股份有限公司,"JIANGSU HUIFENG AGROCHEMICAL CO.,LTD.",江苏省大丰市海洋经济开发区南区纬二路（王港闸南首）,2496,辉丰股份
002497,雅化集团,四川雅化实业集团股份有限公司,"Sichuan Yahua Industrial Group Co.,LTD",四川省雅安市雨城区陇西路20号,2497,雅化集团
002498,汉缆股份,青岛汉缆股份有限公司,"Qingdao Hanhe Cable Co., Ltd",山东省青岛市崂山区九水东路628号,2498,汉缆股份
002499,科林环保,科林环保装备股份有限公司,"Kelin Environmental Protection Equipment,Inc.",江苏省吴江市松陵镇八坼社区,2499,科林环保
002500,山西证券,山西证券股份有限公司,SHANXI SECURITIES COMPANY LIMITED,山西省太原市府西街69号山西国际贸易中心东塔楼,2500,山西证券
002501,利源精制,吉林利源精制股份有限公司,"Jilin Liyuan Precision Manufacturing Co., Ltd.",吉林省辽源民营经济开发区友谊工业园区,2501,利源精制
002502,骅威股份,骅威科技股份有限公司,"HUAWEI TECHNOLOGY CO.,LTD",广东省汕头市澄海区澄华工业区玉亭路,2502,骅威股份
002503,搜于特,东莞市搜于特服装股份有限公司,"DONGGUAN SOUYUTE FASHION CO.,LTD",广东省东莞市道滘镇昌平第二工业区第一栋,2503,搜于特
002504,东光微电,江苏东光微电子股份有限公司,"Jiangsu Dongguang Micro-electronics Co.,Ltd.",江苏省宜兴环科园绿园路42号,2504,东光微电
002505,大康牧业,湖南大康牧业股份有限公司,"HUNAN DAKANG PASTURE FARMING CO.,LTD",湖南省怀化市鹤城区鸭嘴岩工业园3栋,2505,大康牧业
002506,*ST超日,上海超日太阳能科技股份有限公司,"Shanghai Chaori Solar Energy Science &Technology CO., LTD.",上海市奉贤区南桥镇江海经济园区,2506,*ST超日
002507,涪陵榨菜,重庆市涪陵榨菜集团股份有限公司,"Chongqing Fuling Zhacai Group Co., Ltd.",重庆市涪陵区江北街道办事处二渡村一组,2507,涪陵榨菜
002508,老板电器,杭州老板电器股份有限公司,"Hangzhou Robam Appliances Co., Ltd.",浙江省杭州余杭区余杭经济开发区临平大道592号,2508,老板电器
002509,天广消防,天广消防股份有限公司,"TianGuang Fire-Fighting Co.,Ltd.",福建省南安市成功科技开发区,2509,天广消防
002510,天汽模,天津汽车模具股份有限公司,"TIANJIN MOTOR DIES CO.,LTD.",天津市天津空港经济区航天路77号,2510,天汽模
002511,中顺洁柔,中顺洁柔纸业股份有限公司,"C&S Paper Co., Ltd.",广东省中山市东升镇坦背胜龙村,2511,中顺洁柔
002512,达华智能,中山达华智能科技股份有限公司,"ZHONGSHAN TATWAH SMARTECH CO., LTD",广东省中山市小榄镇泰丰工业区水怡南路9号,2512,达华智能
002513,蓝丰生化,江苏蓝丰生物化工股份有限公司,"Jiangsu Lanfeng Bio-chemical Co.,Ltd.",江苏省新沂经济开发区苏化路1号,2513,蓝丰生化
002514,宝馨科技,苏州宝馨科技实业股份有限公司,"SUZHOU BOAMAX TECHNOLOGIES GROUP CO.,LTD.",江苏省苏州高新区浒墅关经济开发区新亭路10号,2514,宝馨科技
002515,金字火腿,金字火腿股份有限公司,"JINZI HAM CO.,LTD.",浙江省金华市工业园区金帆街1000号,2515,金字火腿
002516,江苏旷达,江苏旷达汽车织物集团股份有限公司,"Jiangsu Kuangda Automobile Textile Group Co., Ltd.",江苏省常州市武进区湖塘镇人民东路109号,2516,江苏旷达
002517,泰亚股份,泰亚鞋业股份有限公司,"TAIYA SHOES CO.,LTD.",福建省泉州市经济技术开发区清濛园区美泰路36号,2517,泰亚股份
002518,科士达,深圳科士达科技股份有限公司,"SHENZHEN KSTAR SCIENCE & TECHNOLOGY CO.,LTD",广东省深圳市南山区高新北区科技中二路软件园1栋4楼401、402室,2518,科士达
002519,银河电子,江苏银河电子股份有限公司,"JIANG SU YIN HE ELECTRONICS CO.,LTD.",江苏省张家港市塘桥镇南环路188号,2519,银河电子
002520,日发精机,浙江日发精密机械股份有限公司,"Zhejiang RIFA Precision Machinery Co., Ltd.",浙江省新昌县七星街道日发数码科技园,2520,日发精机
002521,齐峰新材,齐峰新材料股份有限公司,"QIFENG NEW MATERIAL CO.,LTD.",山东省淄博市临淄区朱台镇朱台路22号,2521,齐峰新材
002522,浙江众成,浙江众成包装材料股份有限公司,"Zhejiang Zhongcheng Packing Material Co., Ltd",浙江省嘉善县经济开发区柳溪路,2522,浙江众成
002523,天桥起重,株洲天桥起重机股份有限公司,"Zhuzhou Tianqiao Crane Co., Ltd.",湖南省株洲市石峰区田心北门,2523,天桥起重
002524,光正集团,光正集团股份有限公司,"Guangzheng Group Co.,Ltd.",新疆维吾尔自治区乌鲁木齐经济技术开发区上海路105号,2524,光正集团
002526,山东矿机,山东矿机集团股份有限公司,"SHANDONG MINING MACHINERY GROUP CO., LTD.",山东省昌乐县经济开发区大沂路北段,2526,山东矿机
002527,新时达,上海新时达电气股份有限公司,Shanghai STEP Electric Corporation,上海市嘉定区南翔镇新丰村新勤路289号,2527,新时达
002528,英飞拓,深圳英飞拓科技股份有限公司,SHEN ZHEN INFINOVA LIMITED,广东省深圳市宝安区观澜高新技术产业园英飞拓厂房,2528,英飞拓
002529,海源机械,福建海源自动化机械股份有限公司,"FUJIAN HAIYUAN AUTOMATIC EQUIPMENTS CO., LTD",福建省福州市闽侯县荆溪镇铁岭北路2号,2529,海源机械
002530,丰东股份,江苏丰东热技术股份有限公司,"JIANGSU FENGDONG THERMAL TECHNOLOGY CO.,LTD.",江苏省大丰市经济开发区南翔西路333号,2530,丰东股份
002531,天顺风能,天顺风能（苏州）股份有限公司,"Titan Wind Energy (Suzhou) Co.,LTD",江苏省苏州市太仓经济开发区宁波东路28号,2531,天顺风能
002532,新界泵业,新界泵业集团股份有限公司,"SHIMGE PUMP INDUSTRY GROUP CO.,LTD.",浙江省温岭市大溪镇大洋城工业区,2532,新界泵业
002533,金杯电工,金杯电工股份有限公司,"Goldcup Electric Apparatus Co.,Ltd.",湖南省长沙市高新技术产业开发区东方红中路580号,2533,金杯电工
002534,杭锅股份,杭州锅炉集团股份有限公司,"Hangzhou Boiler Group Co., Ltd.",浙江省杭州市江干区大农港路1216号,2534,杭锅股份
002535,林州重机,林州重机集团股份有限公司,"Linzhou Heavy Machinery Group Co., Ltd.",河南省林州市河顺镇申村,2535,林州重机
002536,西泵股份,河南省西峡汽车水泵股份有限公司,"Henan Province Xixia Automobile Water Pump Co.,Ltd.",河南省西峡县工业大道,2536,西泵股份
002537,海立美达,青岛海立美达股份有限公司,"QINGDAO HAILI METAL ONE CO.,LTD.",山东省青岛即墨市青威路1626号,2537,海立美达
002538,司尔特,安徽省司尔特肥业股份有限公司,"ANHUI SIERTE FERTILIZER INDUSTRY LTD.,COMPANY",安徽省宁国经济技术开发区,2538,司尔特
002539,新都化工,成都市新都化工股份有限公司,"Shindoo Chemical Industry CO.,LTD",四川省成都市新都工业开发区南二路,2539,新都化工
002540,亚太科技,江苏亚太轻合金科技股份有限公司,"Jiangsu Asia-Pacific Light Alloy Technology Co.,Ltd.",江苏省无锡市新区坊兴路8号,2540,亚太科技
002541,鸿路钢构,安徽鸿路钢结构(集团)股份有限公司,"Anhui Honglu Steel Construction(Group) CO., LTD",安徽省合肥市双凤工业区,2541,鸿路钢构
002542,中化岩土,中化岩土工程股份有限公司,"CHINA ZHONGHUA GEOTECHNICAL ENGINEERING CO.,LTD.",北京市大兴区北京市大兴工业开发区,2542,中化岩土
002543,万和电气,广东万和新电气股份有限公司,"GUANGDONG VANWARD NEW ELECTRIC CO.,LTD",广东省佛山市顺德高新区(容桂)建业中路13号,2543,万和电气
002544,杰赛科技,广州杰赛科技股份有限公司,"GCI SCIENCE&TECHNOLOGY CO.,LTD.",广东省广州市新港中路381号,2544,杰赛科技
002545,东方铁塔,青岛东方铁塔股份有限公司,"QINGDAO EAST STEEL TOWER STOCK CO.,LTD",山东省胶州市广州北路318号,2545,东方铁塔
002546,新联电子,南京新联电子股份有限公司,"Nanjing Xinlian Electronics Co.,Ltd.",江苏省南京市江宁经济技术开发区利源北路66号,2546,新联电子
002547,春兴精工,苏州春兴精工股份有限公司,"SuZhou ChunXing Precision Mechanical CO.,LTD.",江苏省苏州市苏州工业园区唯亭镇浦田路2号,2547,春兴精工
002548,金新农,深圳市金新农饲料股份有限公司,"Shenzhen Jinxinnong Feed Co.,Ltd.",广东省深圳市宝安区公明镇将石塘下围,2548,金新农
002549,凯美特气,湖南凯美特气体股份有限公司,"HUNAN KAIMEITE GASES CO.,LTD.",湖南省岳阳市岳阳楼区七里山（巴陵石化化肥事业部西门）,2549,凯美特气
002550,千红制药,常州千红生化制药股份有限公司,"Changzhou Qianhong Bio-pharma Co.,Ltd",江苏省常州市新北区长江中路90号,2550,千红制药
002551,尚荣医疗,深圳市尚荣医疗股份有限公司,"Shenzhen Glory Medical Co.,Ltd.",广东省深圳市龙岗区宝龙工业城宝龙5路2号尚荣科技工业园,2551,尚荣医疗
002552,宝鼎重工,宝鼎重工股份有限公司,"BAODING HEAVY INDUSTRY CO.,LTD.",浙江省杭州余杭区塘栖镇工业园区内,2552,宝鼎重工
002553,南方轴承,江苏南方轴承股份有限公司,"Jiangsu NanFang Bearing Co.,Ltd.",江苏省常州市武进高新技术开发区龙翔路,2553,南方轴承
002554,惠博普,华油惠博普科技股份有限公司,"CHINA OIL HBP SCIENCE&TECHNOLOGY CO.,LTD",北京市海淀区马甸东路17号11层1212,2554,惠博普
002555,顺荣股份,芜湖顺荣汽车部件股份有限公司,"Wuhu Shunrong Auto Parts Co.,Ltd.",安徽省芜湖市南陵县经济开发区,2555,顺荣股份
002556,辉隆股份,安徽辉隆农资集团股份有限公司,"Anhui HuiLong Agricultural Means of Production .CO.,LTD.",安徽省合肥市蜀山区祁门路1777号,2556,辉隆股份
002557,洽洽食品,洽洽食品股份有限公司,"Chacha Food Co.,Ltd",安徽省合肥市经济技术开发区莲花路,2557,洽洽食品
002558,世纪游轮,重庆新世纪游轮股份有限公司,"Chongqing New Century Cruise Co.,Ltd.",重庆市南岸区江南大道8号万达广场一栋5层,2558,世纪游轮
002559,亚威股份,江苏亚威机床股份有限公司,"JIANGSU YAWEI MACHINE TOOL CO.,LTD",江苏省扬州市江都区黄海南路仙城工业园,2559,亚威股份
002560,通达股份,河南通达电缆股份有限公司,"HENAN TONG-DA CABLE CO.,LTD.",河南省偃师市史家湾工业区,2560,通达股份
002561,徐家汇,上海徐家汇商城股份有限公司,"Shanghai Xujiahui Commercial Co.,Ltd.",上海市肇嘉浜路1068号,2561,徐家汇
002562,兄弟科技,兄弟科技股份有限公司,"Brother Enterprises Holding Co.,Ltd.",浙江省海宁市周王庙镇联民村蔡家石桥3号,2562,兄弟科技
002563,森马服饰,浙江森马服饰股份有限公司,"Zhejiang Semir Garment Co.,Ltd.",浙江省温州市瓯海区娄桥工业园南汇路98号,2563,森马服饰
002564,张化机,张家港化工机械股份有限公司,"ZHANGJIAGANG CHEMICAL MACHINERY CO.,LTD.",江苏省苏州张家港市金港镇后塍澄杨路20号,2564,张化机
002565,上海绿新,上海绿新包装材料科技股份有限公司,"ShangHai LuXin Packing Materials Science&Technology Co.,Ltd",上海市真陈路200号,2565,上海绿新
002566,益盛药业,吉林省集安益盛药业股份有限公司,"JILIN JIAN YISHENG PHARMACEUTICAL CO.,LTD.",吉林省集安市文化东路17-20号,2566,益盛药业
002567,唐人神,唐人神集团股份有限公司,"Tangrenshen Group Co.,Ltd.",湖南省株洲市国家高新技术产业开发区栗雨工业园,2567,唐人神
002568,百润股份,上海百润香精香料股份有限公司,"Shanghai Bairun Flavor & Fragrance Co.,Ltd",上海市康桥工业区康桥东路558号,2568,百润股份
002569,步森股份,浙江步森服饰股份有限公司,"ZHEJIANG BUSEN GARMENTS CO.,LTD.",浙江省诸暨市枫桥镇步森大道419号,2569,步森股份
002570,贝因美,贝因美婴童食品股份有限公司,"Beingmate Baby & Child Food Co., Ltd.",浙江省杭州市滨江区南环路3758号,2570,贝因美
002571,德力股份,安徽德力日用玻璃股份有限公司,"Anhui Deli Household Glass Co.,Ltd.",安徽省滁州市凤阳县工业园,2571,德力股份
002572,索菲亚,索菲亚家居股份有限公司,Suofeiya Home Collection Co. Ltd,广东省广州市增城市新塘镇宁西工业园,2572,索菲亚
002573,国电清新,北京国电清新环保技术股份有限公司,"Beijing SPC Environment Protection Tech Co.,Ltd.",北京市海淀区西八里庄路69号人民政协报大厦10层,2573,国电清新
002574,明牌珠宝,浙江明牌珠宝股份有限公司,"Zhejiang Ming Jewelry Co.,Ltd",浙江省绍兴县福全工业区,2574,明牌珠宝
002575,群兴玩具,广东群兴玩具股份有限公司,"Guangdong Qunxing Toys Joint-Stock Co.,LTD",广东省汕头市澄海区莱芜经济开发试验区莱美工业区,2575,群兴玩具
002576,通达动力,江苏通达动力科技股份有限公司,"Jiangsu Tongda Power Technology Co.,Ltd.",江苏省南通市通州区四安镇庵东村,2576,通达动力
002577,雷柏科技,深圳雷柏科技股份有限公司,"Shenzhen Rapoo Technology Co.,Ltd.",广东省深圳市坪山新区坑梓街道大工业区锦绣东路22号,2577,雷柏科技
002578,闽发铝业,福建省闽发铝业股份有限公司,"FUJIAN MINFA ALUMINIUM CO.,LTD.",福建省南安市南美综合开发区,2578,闽发铝业
002579,中京电子,惠州中京电子科技股份有限公司,"Huizhou China Eagle Electronic Technology Co.,Ltd.",广东省惠州市鹅岭南路七巷三号,2579,中京电子
002580,圣阳股份,山东圣阳电源股份有限公司,"SHANDONG SACRED SUN POWER SOURCES CO.,LTD.",山东省曲阜市圣阳路1号,2580,圣阳股份
002581,万昌科技,淄博万昌科技股份有限公司,"ZIBO WANCHANG SCIENCE & TECHNOLOGY CO.,LTD.",山东省淄博市张店区朝阳路18号,2581,万昌科技
002582,好想你,好想你枣业股份有限公司,"Haoxiangni Jujube Co.,Ltd.",河南省新郑市薛店镇,2582,好想你
002583,海能达,海能达通信股份有限公司,Hytera Communications Corporation Limited,广东省深圳市南山区高新区北区北环路9108号海能达大厦,2583,海能达
002584,西陇化工,西陇化工股份有限公司,"XILONG CHEMICAL CO.,LTD.",广东省汕头市潮汕路西陇中街1-3号,2584,西陇化工
002585,双星新材,江苏双星彩塑新材料股份有限公司,"JIANGSU SHUANGXING COLOR PLASTIC NEW MATERIALS CO.,LTD.",江苏省宿迁市宿豫区彩塑工业园区井头街1号,2585,双星新材
002586,围海股份,浙江省围海建设集团股份有限公司,"ZHEJIANG RECLAIM CONSTRUCTION GROUP CO.,LTD.",浙江省宁波市高新区广贤路1009号,2586,围海股份
002587,奥拓电子,深圳市奥拓电子股份有限公司,"Shenzhen AOTO Electronics Co.,Ltd.",广东省深圳市南山区深南大道高新技术工业村T2厂房T2A6-B,2587,奥拓电子
002588,史丹利,史丹利化肥股份有限公司,"STANLEY FERTILIZER CO.,LTD.",山东省临沂市临沭县城常林东大街东首,2588,史丹利
002589,瑞康医药,山东瑞康医药股份有限公司,"Shandong Realcan Pharmaceutical Co.,Ltd.",山东省烟台市芝罘区机场路326号,2589,瑞康医药
002590,万安科技,浙江万安科技股份有限公司,"ZheJiang Vie Science&Technology Co.,Ltd.",浙江省诸暨市店口镇工业区,2590,万安科技
002591,恒大高新,江西恒大高新技术股份有限公司,"JIANGXI HENGDA HI-TECH CO.,LTD.",江西省南昌市高新区金庐北路88号,2591,恒大高新
002592,八菱科技,南宁八菱科技股份有限公司,"Nanning Baling Technology Co.,Ltd",广西壮族自治区南宁市高新区工业园区科德路1号,2592,八菱科技
002593,日上集团,厦门日上车轮集团股份有限公司,"Xiamen Sunrise Wheel Group Co.,Ltd.",福建省厦门市集美区杏林杏北路30号,2593,日上集团
002594,比亚迪,比亚迪股份有限公司,BYD COMPANY LIMITED,广东省深圳市龙岗区葵涌镇延安路,2594,比亚迪
002595,豪迈科技,山东豪迈机械科技股份有限公司,"HIMILE MECHANICAL SCIENCE&TECHNOLOGY CO.,LTD",山东省高密市密水科技工业园豪迈路1号,2595,豪迈科技
002596,海南瑞泽,海南瑞泽新型建材股份有限公司,"Hainan RuiZe New Building Material Co.,Ltd.",海南省三亚市吉阳镇迎宾大道488号,2596,海南瑞泽
002597,金禾实业,安徽金禾实业股份有限公司,"ANHUI JINHE INDUSTRIAL CO.,LTD",安徽省来安县城东大街127号,2597,金禾实业
002598,山东章鼓,山东省章丘鼓风机股份有限公司,"SHANDONG ZHANGQIU BLOWER CO.,LTD",山东省章丘市明水经济开发区世纪大道东首,2598,山东章鼓
002599,盛通股份,北京盛通印刷股份有限公司,"Beijing Shengtong Printing Co.,Ltd",北京市北京经济技术开发区经海三路18号,2599,盛通股份
002600,江粉磁材,广东江粉磁材股份有限公司,"JPMF GUANGDONG Co.,LTD.",广东省江门市龙湾路8号,2600,江粉磁材
002601,佰利联,河南佰利联化学股份有限公司,"Henan Billions Chemicals Co., Ltd.",河南省焦作市中站区西,2601,佰利联
002602,世纪华通,浙江世纪华通车业股份有限公司,"ZHEJIANG CENTURY HUATONG AUTOMOTIVE PART CO.,LTD",浙江省上虞市经济开发区人民西路439号,2602,世纪华通
002603,以岭药业,石家庄以岭药业股份有限公司,"SHIJIAZHUANG YILING PHARMACEUTICAL CO.,LTD",河北省石家庄市高新技术产业开发区天山大街238号,2603,以岭药业
002604,龙力生物,山东龙力生物科技股份有限公司,"SHANDONG LONGLIVE BIO-TECHNOLOGY CO.,LTD.",山东省禹城高新技术开发区,2604,龙力生物
002605,姚记扑克,上海姚记扑克股份有限公司,"Shanghai Yaoji Playing Card Co.,Ltd.",上海市嘉定区黄渡镇曹安路4218号,2605,姚记扑克
002606,大连电瓷,大连电瓷集团股份有限公司,"DALIAN INSULATOR GROUP CO.,LTD.",辽宁省大连经济技术开发区双D港辽河东路88号,2606,大连电瓷
002607,亚夏汽车,芜湖亚夏汽车股份有限公司,Wuhu Yaxia Automobile Corporation,安徽省芜湖市鸠江区弋江北路花塘村,2607,亚夏汽车
002608,舜天船舶,江苏舜天船舶股份有限公司,Sainty Marine Corporation Ltd.,江苏省南京市雨花台区软件大道21号,2608,舜天船舶
002609,捷顺科技,深圳市捷顺科技实业股份有限公司,"SHENZHEN JIESHUN SCIENCE AND TECHNOLOGY INDUSTRY CO.,LTD.",广东省深圳市福田区梅林路捷顺大厦,2609,捷顺科技
002610,爱康科技,江苏爱康科技股份有限公司,"Jiangsu Akcome Science&Technology Co.,Ltd.",江苏省江阴市华士工业集中区红苗园区勤丰路1015号,2610,爱康科技
002611,东方精工,广东东方精工科技股份有限公司,"GUANGDONG DONGFANG PRECISION SCIENCE & TECHNOLOGY CO.,LTD",广东省佛山市南海区狮山大道北段,2611,东方精工
002612,朗姿股份,朗姿股份有限公司,"LANCY CO.,LTD",北京市顺义区马坡镇白马路63号,2612,朗姿股份
002613,北玻股份,洛阳北方玻璃技术股份有限公司,"LUOYANG NORTH GLASS TECHNOLOGY CO.,LTD.",河南省洛阳高新开发区滨河路20号,2613,北玻股份
002614,蒙发利,厦门蒙发利科技(集团)股份有限公司,"XIAMEN COMFORT SCIENCE&TECHNOLOGY GROUP CO.,LTD.",福建省厦门市前埔路168号,2614,蒙发利
002615,哈尔斯,浙江哈尔斯真空器皿股份有限公司,"ZHEJIANG HAERS VACUUM CONTAINERS CO.,LTD",浙江省永康经济开发区哈尔斯路1号,2615,哈尔斯
002616,长青集团,广东长青（集团）股份有限公司,GUANGDONG CHANT GROUP INC.,广东省中山市小榄工业大道南42号,2616,长青集团
002617,露笑科技,露笑科技股份有限公司,"Roshow Technology Co., Ltd.",浙江省诸暨市店口镇露笑路38号,2617,露笑科技
002618,丹邦科技,深圳丹邦科技股份有限公司,"Shenzhen Danbond Technology Co.,Ltd.",广东省深圳市南山区高新园朗山一路丹邦科技大楼,2618,丹邦科技
002619,巨龙管业,浙江巨龙管业股份有限公司,"ZHEJIANG DRAGON PIPE MANUFACTURING CO.,LTD.",浙江省金华市婺城新区临江工业园区（白龙桥镇湖家）,2619,巨龙管业
002620,瑞和股份,深圳瑞和建筑装饰股份有限公司,"SHENZHEN RUIHE CONSTRUCTION DECORATION CO.,LTD.",广东省深圳市福田区华强北赛格科技园4栋西十楼A座,2620,瑞和股份
002621,大连三垒,大连三垒机器股份有限公司,"Dalian Sunlight Machinery Co.,Ltd.",辽宁省大连高新技术产业园区七贤岭爱贤街33号,2621,大连三垒
002622,永大集团,吉林永大集团股份有限公司,"Jilin Yongda Group CO.,LTD.",吉林省吉林市高新区吉林大街45-1号,2622,永大集团
002623,亚玛顿,常州亚玛顿股份有限公司,"Changzhou Almaden Co.,Ltd.",江苏省常州市青龙东路639号,2623,亚玛顿
002624,金磊股份,浙江金磊高温材料股份有限公司,"Zhejiang Jinlei Refractories Co.,Ltd.",浙江省湖州市德清县钟管镇龙山路117号,2624,金磊股份
002625,龙生股份,浙江龙生汽车部件股份有限公司,"Zhejiang Longsheng Auto Parts Co.,Ltd",浙江省桐庐县富春江镇俞赵工业功能区988号,2625,龙生股份
002626,金达威,厦门金达威集团股份有限公司,Xiamen Kingdomway Group Company,福建省厦门市海沧新阳工业区,2626,金达威
002627,宜昌交运,湖北宜昌交运集团股份有限公司,"HUBEIYICHANG TRANSPORTATION GROUP CO.,LTD.",湖北省宜昌市港窑路5号,2627,宜昌交运
002628,成都路桥,成都市路桥工程股份有限公司,"Chengdu Road & Bridge Engineering CO.,LTD.",四川省成都市武侯区武科东四路11号,2628,成都路桥
002629,仁智油服,四川仁智油田技术服务股份有限公司,"Sichuan Renzhi Oilfield Technology Services Co.,Ltd.",四川省绵阳市滨河北路东段116号,2629,仁智油服
002630,华西能源,华西能源工业股份有限公司,"China Western Power Industrial Co.,Ltd.",四川省自贡市高新工业园区荣川路66号,2630,华西能源
002631,德尔家居,德尔国际家居股份有限公司,"Der International Home Furnishing Co.,LTD.",江苏省苏州吴江市七都镇人民东路,2631,德尔家居
002632,道明光学,道明光学股份有限公司,"Daoming Optics&Chemical Co., Ltd.",浙江省永康市象珠镇象珠工业区3号迎宾大道1号,2632,道明光学
002633,申科股份,申科滑动轴承股份有限公司,SHENKE SLIDE BEARING CORPORATION,浙江省诸暨市望云路132号,2633,申科股份
002634,棒杰股份,浙江棒杰数码针织品股份有限公司,"Zhejiang Bangjie Digital Knitting Share Co.,Ltd.",浙江省义乌市苏溪镇镇南小区,2634,棒杰股份
002635,安洁科技,苏州安洁科技股份有限公司,"SUZHOU ANJIE TECHNOLOGY CO.,LTD.",江苏省苏州市吴中区光福镇福锦路8号,2635,安洁科技
002636,金安国纪,金安国纪科技股份有限公司,Goldenmax International Technology Ltd.,上海市松江工业区宝胜路33号,2636,金安国纪
002637,赞宇科技,浙江赞宇科技股份有限公司,"ZHEJIANG ZANYU TECHNOLOGY CO.,LTD",浙江省杭州市城头巷128号,2637,赞宇科技
002638,勤上光电,东莞勤上光电股份有限公司,"DONGGUAN KINGSUN OPTOELECTRONIC CO.,LTD.",广东省东莞市常平镇横江厦村,2638,勤上光电
002639,雪人股份,福建雪人股份有限公司,"Fujian Snowman Co., Ltd.",福建省福州滨海工业区(松下镇首祉村),2639,雪人股份
002640,百圆裤业,山西百圆裤业连锁经营股份有限公司,"Shanxi Baiyuan Trousers Chain Management Co.,Ltd.",山西省太原市建设南路632号,2640,百圆裤业
002641,永高股份,永高股份有限公司,"YONGGAO CO., LTD.",浙江省台州市黄岩经济开发区埭西路2号,2641,永高股份
002642,荣之联,北京荣之联科技股份有限公司,"United Electronics Co.,Ltd.",北京市海淀区北四环西路56号10层1002-1,2642,荣之联
002643,烟台万润,烟台万润精细化工股份有限公司,"Yantai Valiant Fine Chemicals Co.,Ltd",山东省烟台市经济技术开发区五指山路11号,2643,烟台万润
002644,佛慈制药,兰州佛慈制药股份有限公司,"Lanzhou Foci Pharmaceutical Co.,Ltd.",甘肃省兰州市城关区雁滩高新技术开发区,2644,佛慈制药
002645,华宏科技,江苏华宏科技股份有限公司,"Jiangsu Huahong Technology Stock Co.,Ltd.",江苏省江阴市周庄镇澄杨路1118号,2645,华宏科技
002646,青青稞酒,青海互助青稞酒股份有限公司,"Qinghai Huzhu Barley Wine Co.,Ltd.",青海省互助县威远镇西大街6号,2646,青青稞酒
002647,宏磊股份,浙江宏磊铜业股份有限公司,"ZHEJIANG HONGLEI COPPER CO.,LTD.",浙江省诸暨市大唐镇开元东路,2647,宏磊股份
002648,卫星石化,浙江卫星石化股份有限公司,"ZHEJIANG SATELLITE PETROCHEMICAL CO.,LTD.",浙江省嘉兴市嘉兴工业园区步焦路,2648,卫星石化
002649,博彦科技,博彦科技股份有限公司,BEYONDSOFT CORPORATION,北京市海淀区东北旺西路8号中关村软件园9号楼三区A座,2649,博彦科技
002650,加加食品,加加食品集团股份有限公司,"Jiajia Food Group Co.,Ltd.",湖南省长沙市宁乡县经济技术开发区站前路,2650,加加食品
002651,利君股份,成都利君实业股份有限公司,"Chengdu Leejun Industrial CO.,LTD.",四川省成都市武侯区武科东二路5号,2651,利君股份
002652,扬子新材,苏州扬子江新型材料股份有限公司,"SUZHOU YANGTZE NEW MATERIALS CO.,LTD.",江苏省苏州市相城区潘阳工业园春丰路88号,2652,扬子新材
002653,海思科,西藏海思科药业集团股份有限公司,"Xizang Haisco Pharmaceutical Group CO.,LTD",西藏自治区山南地区泽当镇香曲东路8号,2653,海思科
002654,万润科技,深圳万润科技股份有限公司,"SHENZHEN MASON TECHNOLOGIES CO.,LTD.",广东省深圳市光明新区光明办事处圳美公常路北侧雅盛科技工业园厂房B栋,2654,万润科技
002655,共达电声,山东共达电声股份有限公司,"SHAN DONG GETTOP ACCOUSTIC CO.,LTD.",山东省潍坊市坊子区凤山路68号,2655,共达电声
002656,卡奴迪路,广州卡奴迪路服饰股份有限公司,"Guangzhou CANUDILO Fashion & Accessories Co.,Ltd.",广东省广州市天河区黄埔大道西638号富力科讯大厦1310房,2656,卡奴迪路
002657,中科金财,北京中科金财科技股份有限公司,"SINODATA CO.,LTD.",北京市海淀区学院路51号楼首享科技大厦6层,2657,中科金财
002658,雪迪龙,北京雪迪龙科技股份有限公司,"Beijing SDL technology co.,ltd",北京市昌平区高新三街3号,2658,雪迪龙
002659,中泰桥梁,江苏中泰桥梁钢构股份有限公司,Jiangsu Zhongtai Bridge Steel Structure Co.Ltd,江苏省江阴-靖江工业园区同康路15号,2659,中泰桥梁
002660,茂硕电源,茂硕电源科技股份有限公司,"Moso Power Supply Technology Co.,Ltd.",广东省深圳市南山区松白路关外小白芒桑泰工业园6层,2660,茂硕电源
002661,克明面业,克明面业股份有限公司,"KEMEN NOODLE MANUFACTURING CO.,LTD",湖南省南县兴盛大道工业园1号,2661,克明面业
002662,京威股份,北京威卡威汽车零部件股份有限公司,"Beijing WKW Automotive Parts Co.,Ltd.",北京市大兴区魏永路(天堂河段)70号,2662,京威股份
002663,普邦园林,广州普邦园林股份有限公司,"PUBANG LANDSCAPE ARCHITECTURE CO.,LTD",广东省广州市越秀区寺右新马路南二街一巷14-20号首层,2663,普邦园林
002664,信质电机,信质电机股份有限公司,"Xin Zhi Motor Co.,Ltd.",浙江省台州市椒江区前所信质路28号,2664,信质电机
002665,首航节能,北京首航艾启威节能技术股份有限公司,"Beijing Shouhang Resources Saving Co.,Ltd",北京市大兴区榆顺路2号3号楼208室,2665,首航节能
002666,德联集团,广东德联集团股份有限公司,"Guangdong Delian Group Co.,Ltd.",广东省佛山市南海区小塘狮山新城开发区,2666,德联集团
002667,鞍重股份,鞍山重型矿山机器股份有限公司,"AnShan Heavy Duty Mining Machinery Co.,Ltd",辽宁省鞍山市立山区胜利北路900号,2667,鞍重股份
002668,奥马电器,广东奥马电器股份有限公司,"Guangdong Homa Appliances Co.,Ltd.",广东省中山市南头镇东福北路54号,2668,奥马电器
002669,康达新材,上海康达化工新材料股份有限公司,"Shanghai Kangda New Materials Co.,Ltd",上海市浦东新区庆达路655号,2669,康达新材
002670,华声股份,广东华声电器股份有限公司,"GuangDong HuaSheng Electrical Appliances Co.,Ltd.",广东省佛山市顺德区容桂华口昌宝东路13号,2670,华声股份
002671,龙泉股份,山东龙泉管道工程股份有限公司,"Shandong Longquan Pipeline Engineering Co.,LTD",山东省淄博市博山区尖山东路36号,2671,龙泉股份
002672,东江环保,东江环保股份有限公司,Dongjiang Environmental Company Limited,广东省深圳市南山区高新区北区朗山路9号东江环保大楼1楼、3楼、8楼北面、9-12楼,2672,东江环保
002673,西部证券,西部证券股份有限公司,"WESTERN SECURITIES CO.,LTD",陕西省西安市东新街232号信托大厦,2673,西部证券
002674,兴业科技,兴业皮革科技股份有限公司,"XINGYE LEATHER TECHNOLOGY CO.,LTD.",福建省晋江市安海第二工业区,2674,兴业科技
002675,东诚生化,烟台东诚生化股份有限公司,"Yantai Dongcheng Biochemicals Co.,Ltd.",山东省烟台经济技术开发区长白山路7号,2675,东诚生化
002676,顺威股份,广东顺威精密塑料股份有限公司,"GUANGDONG SUNWILL PRECISING PLASTIC CO.,LTD.",广东省佛山市顺德区高新区(容桂)科苑一路6号,2676,顺威股份
002677,浙江美大,浙江美大实业股份有限公司,"Zhejiang Meida Industrial Co.,Ltd.",浙江省海宁市袁花镇谈桥81号(海宁市东西大道60KM),2677,浙江美大
002678,珠江钢琴,广州珠江钢琴集团股份有限公司,"Guangzhou Pearl River Piano Group Co.,Ltd",广东省广州市荔湾区花地大道南渔尾西路8号,2678,珠江钢琴
002679,福建金森,福建金森林业股份有限公司,"FUJIAN JINSEN FORESTRY Co.,Ltd.",福建省三明市将乐县水南镇三华南路48号12-15层,2679,福建金森
002680,黄海机械,连云港黄海机械股份有限公司,"Lianyungang Huanghai Machinery Co.,Ltd.",江苏省连云港市海州开发区新建东路1号,2680,黄海机械
002681,奋达科技,深圳市奋达科技股份有限公司,"Shenzhen Fenda Technology Co.,Ltd.",广东省深圳市宝安区石岩洲石路奋达科技园,2681,奋达科技
002682,龙洲股份,福建龙洲运输股份有限公司,"FUJIAN LONGZHOU TRANSPORTATION CO.,LTD.",福建省龙岩市新罗区人民路龙津花园东塔楼5楼,2682,龙洲股份
002683,宏大爆破,广东宏大爆破股份有限公司,"Guangdong HongDa Blasting Co.,Ltd.",广东省广州市天河区珠江新城华夏路49号之二津滨腾越大厦北塔21层,2683,宏大爆破
002684,猛狮科技,广东猛狮电源科技股份有限公司,"Guangdong Dynavolt Power Technology Co.,Ltd.",广东省汕头市澄海区莲河西路（华富工业区猛狮蓄电池厂内1，2，4幢）,2684,猛狮科技
002685,华东重机,无锡华东重型机械股份有限公司,"WUXI HUADONG HEAVY MACHINERY CO.,LTD.",江苏省无锡市滨湖经济技术开发区华苑路12号,2685,华东重机
002686,亿利达,浙江亿利达风机股份有限公司,"ZHEJIANG YILIDA VENTILATOR CO.,LTD.",浙江省台州市路桥区横街镇亿利达路,2686,亿利达
002687,乔治白,浙江乔治白服饰股份有限公司,"ZHEJIANG GIUSEPPE GARMENT CO.,LTD",浙江省平阳县昆阳镇平瑞公路588号,2687,乔治白
002688,金河生物,金河生物科技股份有限公司,"Jinhe Biotechnology CO.,LTD.",内蒙古自治区呼和浩特市托克托县新坪路71号,2688,金河生物
002689,博林特,沈阳博林特电梯集团股份有限公司,"SHENYANG BRILLIANT ELEVATOR CO.,LTD.",辽宁省沈阳经济技术开发区开发大路27号,2689,博林特
002690,美亚光电,合肥美亚光电技术股份有限公司,Hefei Meiya Optoelectronic Technology Inc.,安徽省合肥市高新区望江西路668号,2690,美亚光电
002691,石中装备,石家庄中煤装备制造股份有限公司,"Shijiazhuang Zhongmei Coal Mine Equipment Manufacture Co.,Ltd.",河北省石家庄高新区黄河大道89号,2691,石中装备
002692,远程电缆,远程电缆股份有限公司,"Yuancheng Cable Co.,Ltd",江苏省宜兴市官林镇远程路8号,2692,远程电缆
002693,双成药业,海南双成药业股份有限公司,"Hainan Shuangcheng Pharmaceuticals Co.,Ltd.",海南省海口市秀英区兴国路16号,2693,双成药业
002694,顾地科技,顾地科技股份有限公司,"GOODY SCIENCE & TECHNOLOGY CO.,LTD.",湖北省鄂州经济开发区吴楚大道18号,2694,顾地科技
002695,煌上煌,江西煌上煌集团食品股份有限公司,"Jiangxi Huangshanghuang Group Food Co.,Ltd.",江西省南昌市迎宾大道1298号,2695,煌上煌
002696,百洋股份,百洋水产集团股份有限公司,BAIYANG AQUATIC GROUP,广西壮族自治区南宁高新技术开发区创新西路16号,2696,百洋股份
002697,红旗连锁,成都红旗连锁股份有限公司,"Chengdu Hongqi Chain Co.,Ltd.",四川省成都市高新区西区迪康大道七号,2697,红旗连锁
002698,博实股份,哈尔滨博实自动化股份有限公司,"HARBIN BOSHI AUTOMATION CO.,LTD.",黑龙江省哈尔滨开发区迎宾路集中区东湖街9号,2698,博实股份
002699,美盛文化,美盛文化创意股份有限公司,Meisheng Cultural&Creative Corp.Ltd.,浙江省绍兴市新昌省级高新技术园区内（南岩）,2699,美盛文化
002700,新疆浩源,新疆浩源天然气股份有限公司,"XinJiang Haoyuan Natural Gas Co.,LTD.",新疆维吾尔自治区阿克苏市英阿瓦提路2号,2700,新疆浩源
002701,奥瑞金,奥瑞金包装股份有限公司,"ORG Packaging Co.,Ltd.",北京市怀柔区雁栖工业开发区,2701,奥瑞金
002702,海欣食品,海欣食品股份有限公司,"HaiXin Foods CO.,LTD.",福建省福州市仓山区建新镇建新北路150号1#楼,2702,海欣食品
002703,浙江世宝,浙江世宝股份有限公司,ZHEJIANG SHIBAO COMPANY LIMITED,浙江省义乌市佛堂镇双林路1号,2703,浙江世宝
002705,新宝股份,广东新宝电器股份有限公司,"Guangdong Xinbao Electrical Appliances Holdings Co.,Ltd",广东省佛山市顺德区勒流镇政和南路,2705,新宝股份
002706,良信电器,上海良信电器股份有限公司,"Shanghai Liangxin Electrical Co., Ltd.",上海市浦东新区衡安路668号第4-8幢,2706,良信电器
002707,众信旅游,北京众信国际旅行社股份有限公司,"Beijing UTour International Travel Service Co., Ltd.",北京市朝阳区和平街东土城路12号院2号楼4层,2707,众信旅游
002708,光洋股份,常州光洋轴承股份有限公司,"CHANGZHOU GUANGYANG BEARING CO.,LTD",江苏省常州市新北区汉江路52号,2708,光洋股份
002709,天赐材料,广州天赐高新材料股份有限公司,"Guangzhou Tinci Materials Technology Co., Ltd",广东省广州市黄埔区云埔工业区东诚片康达路8号,2709,天赐材料
002711,欧浦钢网,广东欧浦钢铁物流股份有限公司,"Guangdong Europol Steel Logistics Co., Ltd.",广东省佛山市顺德区乐从镇路州村委会第二工业区乐成路7号地,2711,欧浦钢网
002712,思美传媒,思美传媒股份有限公司,"Simei Media Co.,Ltd.",浙江省杭州市南复路59号,2712,思美传媒
002713,东易日盛,东易日盛家居装饰集团股份有限公司,"DONG YI RI SHENG HOME DECORATION GROUP CO.,LTD.",北京市房山区长沟镇房易路西侧,2713,东易日盛
002714,牧原股份,牧原食品股份有限公司,"Muyuan Foodstuff Co.,Ltd",河南省南阳市内乡县灌涨镇水田村,2714,牧原股份
002715,登云股份,怀集登云汽配股份有限公司,"Huaiji Dengyun Auto-parts (Holding) Co.,Ltd.",广东省怀集县怀城镇登云亭,2715,登云股份
002716,金贵银业,郴州市金贵银业股份有限公司,"CHENZHOU CITY JINGUI SILVER INDUSTRY CO.,LTD",湖南省郴州市苏仙区白露塘镇福城大道1号,2716,金贵银业
002717,岭南园林,岭南园林股份有限公司,"LingNan Landscape Co., Ltd.",广东省东莞市东城区光明大道27号金丰大厦A栋301室,2717,岭南园林
002718,友邦吊顶,浙江友邦集成吊顶股份有限公司,"Zhejiang Youpon Integrated ceiling Co., Ltd.",浙江省嘉兴市海盐县百步工业区北A区,2718,友邦吊顶
002719,麦趣尔,麦趣尔集团股份有限公司,"Maiquer Group CO.,LTD",新疆维吾尔自治区昌吉回族自治州昌吉市麦趣尔大道,2719,麦趣尔
002721,金一文化,北京金一文化发展股份有限公司,"BEIJING KINGEE CULTURE DEVELOPMENT CO.,LTD",北京市西城区榆树馆一巷4幢202号,2721,金一文化
002722,金轮股份,金轮科创股份有限公司,"Geron Co., Ltd.",江苏省海门市四甲镇富强路86号,2722,金轮股份
002723,金莱特,广东金莱特电器股份有限公司,"KENNEDE ELECTRONICS MFG. CO., LTD.",广东省江门市蓬江区棠下镇金桐路21号,2723,金莱特
002725,跃岭股份,浙江跃岭股份有限公司,"Zhejiang Yueling Co., Ltd.",浙江省温岭市泽国镇现代大道北侧,2725,跃岭股份
